@T,table
Created,2021-10-02 11:38
Author,HortonMachine library
@H,timestamp,value_0,value_1
ID,,0,1
Type,Date,double,double
Format,yyyy-MM-dd HH:mm,,
,2023-01-01 00:00,0.2858776910433882,0.3144929458693526
,2023-01-01 01:00,0.2858776910433882,0.3144929458693525
,2023-01-01 02:00,0.2858776910433882,0.31449294586934995
,2023-01-01 03:00,0.2858776910433882,0.3144929458693213
,2023-01-01 04:00,0.2858776910433882,0.3144929458691158
,2023-01-01 05:00,0.2858776910433882,0.31449294586803883
,2023-01-01 06:00,0.2858776910433882,0.3144929458636027
,2023-01-01 07:00,0.2858776910433882,0.3144929458485133
,2023-01-01 08:00,0.28587769104338834,0.3144929458045748
,2023-01-01 09:00,0.2858776910434476,0.3144929456920434
,2023-01-01 10:00,0.28587769104571137,0.31449294543319195
,2023-01-01 11:00,0.2858776910768497,0.31449294488949825
,2023-01-01 12:00,0.2858776913173374,0.3144929438327881
,2023-01-01 13:00,0.28587769257751106,0.31449294191164645
,2023-01-01 14:00,0.28587769755122616,0.314492938615214
,2023-01-01 15:00,0.28587771334683615,0.31449293323695393
,2023-01-01 16:00,0.2858777555830763,0.31449292484106306
,2023-01-01 17:00,0.28587785384120534,0.31449291223392606
,2023-01-01 18:00,0.2858780576693414,0.3144928939424884
,2023-01-01 19:00,0.28587844189788714,0.31449286820076017
,2023-01-01 20:00,0.2858791099260444,0.31449283294497593
,2023-01-01 21:00,0.28588019391393593,0.31449278581730844
,2023-01-01 22:00,0.2858818513758141,0.3144927241775214
,2023-01-01 23:00,0.28588425836204084,0.3144926451215777
,2023-01-02 00:00,0.28588760008335334,0.3144925455059868
,2023-01-02 01:00,0.2858920602540448,0.31449242197657135
,2023-01-02 02:00,0.2858978105472534,0.3144922710003294
,2023-01-02 03:00,0.2859050014164646,0.31449208889914865
,2023-01-02 04:00,0.28591375513351164,0.3144918718842502
,2023-01-02 05:00,0.285924161396099,0.31449161609040277
,2023-01-02 06:00,0.28593627548833256,0.3144913176091154
,2023-01-02 07:00,0.28595011875458565,0.3144909725201869
,2023-01-02 08:00,0.2859656810765503,0.31449057692115273
,2023-01-02 09:00,0.28598292510717216,0.31449012695431167
,2023-01-02 10:00,0.28600179210709364,0.3144896188311436
,2023-01-02 11:00,0.2860222093504857,0.31448904885403395
,2023-01-02 12:00,0.28604409915738105,0.3144884134353068
,2023-01-02 13:00,0.2860673895699951,0.31448770911363855
,2023-01-02 14:00,0.28609202647598775,0.3144869325679694
,2023-01-02 15:00,0.2861179865791217,0.31448608062907274
,2023-01-02 16:00,0.28614528997527156,0.3144851502889579
,2023-01-02 17:00,0.28617401021851563,0.3144841387082985
,2023-01-02 18:00,0.2862042797269054,0.31448304322208
,2023-01-02 19:00,0.2862362891422598,0.3144818613436564
,2023-01-02 20:00,0.2862702793603965,0.3144805907673986
,2023-01-02 21:00,0.2863065285715716,0.3144792293701039
,2023-01-02 22:00,0.2863453456958599,0.3144777752113228
,2023-01-02 23:00,0.286387094376694,0.3144762265327443
,2023-01-03 00:00,0.2864322910291416,0.31447458175676757
,2023-01-03 01:00,0.28648181722872945,0.3144728394843721
,2023-01-03 02:00,0.2865372466050076,0.3144709984923887
,2023-01-03 03:00,0.28660123376135543,0.31446905773026235
,2023-01-03 04:00,0.2866778333763189,0.31446701631638946
,2023-01-03 05:00,0.2867725837176672,0.31446487353410835
,2023-01-03 06:00,0.2868922543651766,0.31446262882741494
,2023-01-03 07:00,0.2870441253574584,0.31446028179647695
,2023-01-03 08:00,0.28723509247625545,0.3144578321930177
,2023-01-03 09:00,0.2874706322374301,0.31445527991564726
,2023-01-03 10:00,0.2877536458015896,0.31445262500522414
,2023-01-03 11:00,0.2880834501871206,0.31444986764034955
,2023-01-03 12:00,0.2884573819593582,0.31444700813311793
,2023-01-03 13:00,0.28887037408766886,0.31444404692528716
,2023-01-03 14:00,0.2893159396703237,0.3144409845850819
,2023-01-03 15:00,0.28978684202501853,0.3144378218049045
,2023-01-03 16:00,0.29027572154704506,0.3144345594003009
,2023-01-03 17:00,0.2907756365928583,0.3144311983105975
,2023-01-03 18:00,0.2912803218840214,0.314427739601683
,2023-01-03 19:00,0.2917843845589229,0.3144241844714419
,2023-01-03 20:00,0.29228333881251645,0.3144205342583437
,2023-01-03 21:00,0.29277357199033105,0.3144167904536359
,2023-01-03 22:00,0.293252276828026,0.3144129547174861
,2023-01-03 23:00,0.29371734647266695,0.31440902889925926
,2023-01-04 00:00,0.2941672696012674,0.31440501506191804
,2023-01-04 01:00,0.2946010318960965,0.3144009155103018
,2023-01-04 02:00,0.29501802144027917,0.31439673282279973
,2023-01-04 03:00,0.2954179469724231,0.3143924698856991
,2023-01-04 04:00,0.2958007701435895,0.31438812992928417
,2023-01-04 05:00,0.296166647577843,0.31438371656459685
,2023-01-04 06:00,0.2965158825872376,0.31437923381966293
,2023-01-04 07:00,0.2968488873373918,0.3143746861739419
,2023-01-04 08:00,0.29716615498334953,0.3143700785897714
,2023-01-04 09:00,0.297468244635659,0.31436541653965744
,2023-01-04 10:00,0.2977557850331539,0.31436070602838284
,2023-01-04 11:00,0.29802950020437347,0.31435595360907753
,2023-01-04 12:00,0.29829025372603235,0.31435116639258726
,2023-01-04 13:00,0.29853910087983454,0.3143463520496931
,2023-01-04 14:00,0.2987773300885005,0.3143415188059493
,2023-01-04 15:00,0.29900647108794387,0.3143366754291179
,2023-01-04 16:00,0.2992282535444586,0.3143318312093767
,2023-01-04 17:00,0.29944451553329565,0.31432699593265256
,2023-01-04 18:00,0.29965707738616965,0.3143221798475889
,2023-01-04 19:00,0.29986760487452724,0.3143173936267716
,2023-01-04 20:00,0.30007748517311106,0.31431264832293365
,2023-01-04 21:00,0.30028773279250975,0.3143079553209302
,2023-01-04 22:00,0.300498935694724,0.31430332628632485
,2023-01-04 23:00,0.30071124672068095,0.3142987731114633
,2023-01-05 00:00,0.30092442007417564,0.31429430785991425
,2023-01-05 01:00,0.301137885000036,0.3142899427101463
,2023-01-05 02:00,0.3013508416992531,0.3142856898992896
,2023-01-05 03:00,0.30156236200698955,0.3142815616678062
,2023-01-05 04:00,0.3017714803826311,0.3142775702058764
,2023-01-05 05:00,0.3019772721779579,0.3142737276022674
,2023-01-05 06:00,0.3021789718549486,0.3142700457963869
,2023-01-05 07:00,0.30237636853690086,0.31426653653412906
,2023-01-05 08:00,0.3025708145060819,0.314263211328004
,2023-01-05 09:00,0.3027665590538987,0.31426008142194356
,2023-01-05 10:00,0.3029712538948788,0.3142571577611241
,2023-01-05 11:00,0.30319481032545603,0.3142544509670453
,2023-01-05 12:00,0.30344707617408295,0.31425197131786975
,2023-01-05 13:00,0.30373553079550564,0.31424972873372625
,2023-01-05 14:00,0.3040638968934365,0.31424773276647644
,2023-01-05 15:00,0.3044318733012843,0.31424599259345726
,2023-01-05 16:00,0.30483570492123424,0.3142445170148612
,2023-01-05 17:00,0.3052691649287663,0.3142433144544383
,2023-01-05 18:00,0.3057246083567172,0.31424239296308354
,2023-01-05 19:00,0.3061939064737189,0.31424176022492023
,2023-01-05 20:00,0.30666918419675093,0.3142414235658586
,2023-01-05 21:00,0.30714333817111505,0.3142413899652978
,2023-01-05 22:00,0.3076103412209805,0.3142416660722006
,2023-01-05 23:00,0.3080653616174371,0.31424225822673746
,2023-01-06 00:00,0.3085047423768811,0.314243172488365
,2023-01-06 01:00,0.30892589092469624,0.3142444146710379
,2023-01-06 02:00,0.30932712358105485,0.3142459903863736
,2023-01-06 03:00,0.30970749770380857,0.31424790509577805
,2023-01-06 04:00,0.310066652096851,0.31425016417187324
,2023-01-06 05:00,0.3104046663599295,0.3142527729679141
,2023-01-06 06:00,0.31072194305511225,0.31425573689260716
,2023-01-06 07:00,0.31101911252550096,0.3142590614876192
,2023-01-06 08:00,0.31129695813925073,0.3142627525060111
,2023-01-06 09:00,0.31155635891927347,0.3142668159900383
,2023-01-06 10:00,0.3117982464062495,0.3142712583447797
,2023-01-06 11:00,0.31202357283627047,0.31427608640261673
,2023-01-06 12:00,0.31223328812101414,0.3142813074747642
,2023-01-06 13:00,0.3124283235804973,0.3142869293895397
,2023-01-06 14:00,0.3126095808033931,0.314292960518536
,2023-01-06 15:00,0.31277792436381047,0.3142994097878379
,2023-01-06 16:00,0.3129341774130997,0.314306286669629
,2023-01-06 17:00,0.31307911938351507,0.3143136011533891
,2023-01-06 18:00,0.3132134851991064,0.3143213637029413
,2023-01-06 19:00,0.31333796553546256,0.31432958520502297
,2023-01-06 20:00,0.3134532078034487,0.3143382769044792
,2023-01-06 21:00,0.31355981762831,0.3143474503208746
,2023-01-06 22:00,0.3136583606567074,0.314357117150728
,2023-01-06 23:00,0.31374936457088937,0.3143672891708149
,2023-01-07 00:00,0.3138333212210265,0.3143779781479277
,2023-01-07 01:00,0.31391068878876904,0.31438919573958884
,2023-01-07 02:00,0.31398189390762227,0.3144009533795399
,2023-01-07 03:00,0.3140473337040529,0.3144132621605301
,2023-01-07 04:00,0.31410737775214603,0.3144261327413721
,2023-01-07 05:00,0.3141623699415992,0.3144395752747826
,2023-01-07 06:00,0.31421263025810175,0.3144535993197674
,2023-01-07 07:00,0.3142584564819157,0.31446821373615086
,2023-01-07 08:00,0.3143001258030239,0.3144834265871571
,2023-01-07 09:00,0.3143378963247001,0.31449924509260485
,2023-01-07 10:00,0.31437200843829005,0.31451567561732074
,2023-01-07 11:00,0.3144026860835397,0.31453272361696094
,2023-01-07 12:00,0.3144301379182818,0.3145503935521207
,2023-01-07 13:00,0.3144545584127736,0.3145686888204897
,2023-01-07 14:00,0.31447612887854837,0.3145876117661137
,2023-01-07 15:00,0.31449501844762145,0.31460716375732545
,2023-01-07 16:00,0.31451138499487585,0.3146273451702499
,2023-01-07 17:00,0.3145253759693002,0.3146481553029109
,2023-01-07 18:00,0.3145371291296475,0.31466959232420016
,2023-01-07 19:00,0.3145467732116689,0.3146916533077977
,2023-01-07 20:00,0.3145544285513428,0.31471433442326285
,2023-01-07 21:00,0.31456020767396364,0.31473763099995655
,2023-01-07 22:00,0.3145642158598384,0.3147615373884227
,2023-01-07 23:00,0.3145665517013931,0.3147860468837175
,2023-01-08 00:00,0.31456730761514023,0.3148111517576932
,2023-01-08 01:00,0.31456657026966905,0.31483684346845286
,2023-01-08 02:00,0.31456442095047976,0.3148631130065286
,2023-01-08 03:00,0.3145609358990724,0.3148899506787941
,2023-01-08 04:00,0.31455618664300433,0.31491734586756615
,2023-01-08 05:00,0.3145502403215704,0.3149452870601322
,2023-01-08 06:00,0.3145431600297445,0.31497376198141724
,2023-01-08 07:00,0.3145350051547473,0.31500275804648514
,2023-01-08 08:00,0.31452583163073267,0.31503226275074786
,2023-01-08 09:00,0.31451569212252484,0.3150622629142471
,2023-01-08 10:00,0.3145046361948548,0.31509274447486296
,2023-01-08 11:00,0.31449271049324734,0.31512369271540414
,2023-01-08 12:00,0.3144799589395797,0.31515509248287643
,2023-01-08 13:00,0.31446642297156935,0.31518692887324157
,2023-01-08 14:00,0.3144521417862095,0.31521918771069907
,2023-01-08 15:00,0.3144371524735758,0.3152518539392536
,2023-01-08 16:00,0.3144214900752973,0.31528491157303173
,2023-01-08 17:00,0.3144051876543532,0.3153183442354092
,2023-01-08 18:00,0.31438827639980965,0.3153521354492853
,2023-01-08 19:00,0.3143707857744231,0.3153862691610872
,2023-01-08 20:00,0.31435274375103084,0.3154207315340615
,2023-01-08 21:00,0.31433417696428734,0.3154555071651024
,2023-01-08 22:00,0.3143151106932419,0.3154905792875623
,2023-01-08 23:00,0.3142955688347331,0.31552593105008325
,2023-01-09 00:00,0.31427557394652295,0.3155615458640809
,2023-01-09 01:00,0.3142551473582268,0.3155974074341975
,2023-01-09 02:00,0.3142343094209949,0.3156335030603702
,2023-01-09 03:00,0.3142130796701846,0.3156698193929974
,2023-01-09 04:00,0.31419147671040293,0.3157063394197709
,2023-01-09 05:00,0.31416951810739646,0.315743046461492
,2023-01-09 06:00,0.3141472204101887,0.31577992462047233
,2023-01-09 07:00,0.31412459931193276,0.31581695858559977
,2023-01-09 08:00,0.31410167001381695,0.31585413443049526
,2023-01-09 09:00,0.3140784472152227,0.3158914457050371
,2023-01-09 10:00,0.31405494481228613,0.3159288755858782
,2023-01-09 11:00,0.31403117580613926,0.31596640697633904
,2023-01-09 12:00,0.31400715242569166,0.3160040250247074
,2023-01-09 13:00,0.3139828866508778,0.3160417159076977
,2023-01-09 14:00,0.31395839032978345,0.31607946639468393
,2023-01-09 15:00,0.31393367459194865,0.3161172680078675
,2023-01-09 16:00,0.31390874966623605,0.3161551196850704
,2023-01-09 17:00,0.31388362511707446,0.31619299718274435
,2023-01-09 18:00,0.31385831077187604,0.31623088623356266
,2023-01-09 19:00,0.3138328164447747,0.31626877490610117
,2023-01-09 20:00,0.31380715097405676,0.3163066519273487
,2023-01-09 21:00,0.31378132327812025,0.31634450644379736
,2023-01-09 22:00,0.31375535009039224,0.31638232146336265
,2023-01-09 23:00,0.31372927922596516,0.3164200807454951
,2023-01-10 00:00,0.3137032328714159,0.316457784766274
,2023-01-10 01:00,0.31367746775310634,0.31649542547369697
,2023-01-10 02:00,0.31365242729188686,0.3165329940527971
,2023-01-10 03:00,0.3136287585832223,0.316570481779204
,2023-01-10 04:00,0.31360728347898637,0.31660788015629904
,2023-01-10 05:00,0.3135889326336702,0.316645178680768
,2023-01-10 06:00,0.3135746349693431,0.316682364492963
,2023-01-10 07:00,0.31356519218955503,0.3167194336133655
,2023-01-10 08:00,0.3135611800173611,0.3167563803402628
,2023-01-10 09:00,0.3135628891502326,0.31679319824690705
,2023-01-10 10:00,0.313570309918186,0.31682988082240304
,2023-01-10 11:00,0.31358315726862546,0.3168664216752033
,2023-01-10 12:00,0.3136009247810492,0.3169028139052109
,2023-01-10 13:00,0.3136229526344255,0.31693904873009104
,2023-01-10 14:00,0.3136484958282121,0.3169751209335337
,2023-01-10 15:00,0.3136767833634382,0.3170110260389395
,2023-01-10 16:00,0.31370706394705794,0.31704675944745675
,2023-01-10 17:00,0.31373863755508485,0.31708231656609753
,2023-01-10 18:00,0.3137708744693881,0.31711769293627023
,2023-01-10 19:00,0.31380322439380565,0.3171528841078401
,2023-01-10 20:00,0.3138352183621429,0.3171878847659882
,2023-01-10 21:00,0.3138664658143503,0.31722269073508447
,2023-01-10 22:00,0.3138966487318652,0.3172572989293153
,2023-01-10 23:00,0.3139255142295051,0.3172917066664789
,2023-01-11 00:00,0.31395286659970156,0.3173259115276482
,2023-01-11 01:00,0.31397855944187625,0.31735991137723596
,2023-01-11 02:00,0.31400248824819355,0.3173937043423289
,2023-01-11 03:00,0.31402458364018027,0.317427288392456
,2023-01-11 04:00,0.3140448053491793,0.31746066190282607
,2023-01-11 05:00,0.31406313695384935,0.31749382407177545
,2023-01-11 06:00,0.3140795813385429,0.3175267746674908
,2023-01-11 07:00,0.3140941568447724,0.3175595138522409
,2023-01-11 08:00,0.31410689398835245,0.31759204211814507
,2023-01-11 09:00,0.31411783273405613,0.3176243602428283
,2023-01-11 10:00,0.31412702017471084,0.3176564690701609
,2023-01-11 11:00,0.31413450871186555,0.31768836960256674
,2023-01-11 12:00,0.31414035446882,0.3177200632648395
,2023-01-11 13:00,0.31414461609905997,0.3177515518584045
,2023-01-11 14:00,0.31414735376482983,0.3177828374441307
,2023-01-11 15:00,0.31414862826346623,0.31781392226099986
,2023-01-11 16:00,0.31414850046096354,0.3178448086661654
,2023-01-11 17:00,0.3141470305904436,0.3178754990001768
,2023-01-11 18:00,0.3141442781671938,0.31790599557418053
,2023-01-11 19:00,0.3141403012085531,0.31793630078621776
,2023-01-11 20:00,0.3141351567358676,0.31796641713090856
,2023-01-11 21:00,0.31412889984893744,0.3179963471465419
,2023-01-11 22:00,0.3141215846090223,0.3180260933625032
,2023-01-11 23:00,0.3141132632338808,0.3180556582522396
,2023-01-12 00:00,0.314103985958888,0.3180850441564187
,2023-01-12 01:00,0.31409380458020814,0.31811425326918663
,2023-01-12 02:00,0.31408276695969156,0.3181432876903074
,2023-01-12 03:00,0.31407092595117325,0.31817214944393934
,2023-01-12 04:00,0.31405832119265253,0.31820084046478214
,2023-01-12 05:00,0.31404492571391407,0.3182293625772147
,2023-01-12 06:00,0.3140307678163916,0.3182577174682917
,2023-01-12 07:00,0.31401589120534523,0.31828590665068823
,2023-01-12 08:00,0.3140003372583322,0.31831393146737064
,2023-01-12 09:00,0.3139841427580009,0.31834179312143823
,2023-01-12 10:00,0.3139673411864887,0.3183694926931693
,2023-01-12 11:00,0.31394996361231703,0.3183970311427251
,2023-01-12 12:00,0.31393203917171153,0.31842440930593785
,2023-01-12 13:00,0.3139135953453399,0.3184516278806168
,2023-01-12 14:00,0.3138946581353118,0.31847868741867613
,2023-01-12 15:00,0.3138752521908622,0.3185055883394808
,2023-01-12 16:00,0.31385540090568553,0.31853233094936384
,2023-01-12 17:00,0.3138351264984166,0.31855891545506293
,2023-01-12 18:00,0.31381445008233444,0.3185853419704117
,2023-01-12 19:00,0.3137933917276649,0.318611610515697
,2023-01-12 20:00,0.31377197051844663,0.31863772101437904
,2023-01-12 21:00,0.31375020460515024,0.3186636732987508
,2023-01-12 22:00,0.3137281112538053,0.31868946712280644
,2023-01-12 23:00,0.31370570689213073,0.31871510217475074
,2023-01-13 00:00,0.313683007153011,0.31874057808577133
,2023-01-13 01:00,0.3136600269155657,0.3187658944336127
,2023-01-13 02:00,0.3136367803440012,0.318791050743301
,2023-01-13 03:00,0.31361328092439433,0.3188160464911573
,2023-01-13 04:00,0.3135895414995343,0.31884088111288217
,2023-01-13 05:00,0.3135655743019312,0.31886555401245986
,2023-01-13 06:00,0.3135413909850904,0.31889006456925173
,2023-01-13 07:00,0.313517002653141,0.3189144121418613
,2023-01-13 08:00,0.313492419888903,0.318938596070353
,2023-01-13 09:00,0.31346765278047284,0.3189626156798595
,2023-01-13 10:00,0.31344271094639975,0.3189864702860419
,2023-01-13 11:00,0.3134176035595274,0.3190101592009531
,2023-01-13 12:00,0.31339233936956684,0.3190336817376721
,2023-01-13 13:00,0.3133669267244671,0.31905703721311574
,2023-01-13 14:00,0.3133413735906453,0.3190802249502949
,2023-01-13 15:00,0.3133156875721371,0.319103244281287
,2023-01-13 16:00,0.3132898759287227,0.31912609455088536
,2023-01-13 17:00,0.3132639455930847,0.31914877512007195
,2023-01-13 18:00,0.3132379031870476,0.31917128536854394
,2023-01-13 19:00,0.3132117550369513,0.31919362469648105
,2023-01-13 20:00,0.3131855071882025,0.31921579252629384
,2023-01-13 21:00,0.31315916541905,0.3192377883046833
,2023-01-13 22:00,0.31313273525362795,0.31925961150473114
,2023-01-13 23:00,0.31310622197430377,0.3192812616275523
,2023-01-14 00:00,0.31307963063337213,0.3193027382034542
,2023-01-14 01:00,0.3130529660641297,0.3193240407929341
,2023-01-14 02:00,0.31302623289136405,0.3193451689877484
,2023-01-14 03:00,0.31299943554129195,0.3193661224119615
,2023-01-14 04:00,0.3129725782509739,0.3193869007227598
,2023-01-14 05:00,0.3129456650772367,0.3194075036109953
,2023-01-14 06:00,0.3129186999051305,0.31942793080160536
,2023-01-14 07:00,0.3128916864559457,0.3194481820540114
,2023-01-14 08:00,0.31286462829481443,0.31946825716244687
,2023-01-14 09:00,0.31283752883792,0.31948815595613517
,2023-01-14 10:00,0.3128103913593351,0.31950787829932714
,2023-01-14 11:00,0.3127832189975101,0.31952742409126966
,2023-01-14 12:00,0.31275601476143067,0.31954679326612806
,2023-01-14 13:00,0.3127287815364621,0.319565985792835
,2023-01-14 14:00,0.31270152208989854,0.3195850016748484
,2023-01-14 15:00,0.3126742390762328,0.3196038409498433
,2023-01-14 16:00,0.3126469350421621,0.3196225036893574
,2023-01-14 17:00,0.31261961243134423,0.31964098999838886
,2023-01-14 18:00,0.31259227358891745,0.3196593000149392
,2023-01-14 19:00,0.3125649207657974,0.3196774339095113
,2023-01-14 20:00,0.3125375561227627,0.3196953918845719
,2023-01-14 21:00,0.3125101817343405,0.3197131741739827
,2023-01-14 22:00,0.31248279959250364,0.31973078104239927
,2023-01-14 23:00,0.31245541161018786,0.31974821278464305
,2023-01-15 00:00,0.3124280196246404,0.31976546972505054
,2023-01-15 01:00,0.312400625400608,0.31978255221680324
,2023-01-15 02:00,0.31237323063337274,0.3197994606412402
,2023-01-15 03:00,0.31234583695164403,0.31981619540715545
,2023-01-15 04:00,0.31231844592031466,0.3198327569500856
,2023-01-15 05:00,0.3122910590430871,0.31984914573158635
,2023-01-15 06:00,0.31226367776497765,0.3198653622385029
,2023-01-15 07:00,0.3122363034747042,0.31988140698223544
,2023-01-15 08:00,0.3122089375069641,0.319897280498001
,2023-01-15 09:00,0.3121815811446077,0.31991298334409474
,2023-01-15 10:00,0.312154235620712,0.31992851610115125
,2023-01-15 11:00,0.3121269021205615,0.31994387937140795
,2023-01-15 12:00,0.31209958178353825,0.3199590737779717
,2023-01-15 13:00,0.31207227570492857,0.31997409996408976
,2023-01-15 14:00,0.3120449849376481,0.31998895859242676
,2023-01-15 15:00,0.31201771049389104,0.3200036503443473
,2023-01-15 16:00,0.3119904533467067,0.3200181759192071
,2023-01-15 17:00,0.31196321443150643,0.320032536033652
,2023-01-15 18:00,0.3119359946475052,0.320046731420926
,2023-01-15 19:00,0.31190879485910117,0.3200607628301886
,2023-01-15 20:00,0.3118816158971949,0.32007463102584355
,2023-01-15 21:00,0.3118544585604529,0.32008833678687737
,2023-01-15 22:00,0.3118273236165169,0.3201018809062099
,2023-01-15 23:00,0.3118002118031623,0.3201152641900559
,2023-01-16 00:00,0.3117731238294075,0.32012848745729966
,2023-01-16 01:00,0.3117460603765768,0.3201415515388805
,2023-01-16 02:00,0.31171902209931956,0.32015445727719233
,2023-01-16 03:00,0.3116920096265867,0.3201672055254947
,2023-01-16 04:00,0.3116650235625674,0.32017979714733785
,2023-01-16 05:00,0.311638064487587,0.32019223301599953
,2023-01-16 06:00,0.3116111329589689,0.32020451401393607
,2023-01-16 07:00,0.3115842295207825,0.3202166410322457
,2023-01-16 08:00,0.3115573549093347,0.32022861497014565
,2023-01-16 09:00,0.3115305115299455,0.3202404367344621
,2023-01-16 10:00,0.3115037090016223,0.32025210723913333
,2023-01-16 11:00,0.31147697782250505,0.32026362740472525
,2023-01-16 12:00,0.3114503943654098,0.32027499815796134
,2023-01-16 13:00,0.31142411651995483,0.3202862204312641
,2023-01-16 14:00,0.3113984228264214,0.32029729516231054
,2023-01-16 15:00,0.3113737423696846,0.3203082232935998
,2023-01-16 16:00,0.3113506624188874,0.3203190057720369
,2023-01-16 17:00,0.3113299066037722,0.3203296435485339
,2023-01-16 18:00,0.31131228506100395,0.3203401375776399
,2023-01-16 19:00,0.3112986250390223,0.3203504888172206
,2023-01-16 20:00,0.3112896937250576,0.3203606982282258
,2023-01-16 21:00,0.31128612516720044,0.32037076677461485
,2023-01-16 22:00,0.31128836098570867,0.32038069542355063
,2023-01-16 23:00,0.3112966127733102,0.3203904851460234
,2023-01-17 00:00,0.31131085050754326,0.32040013691812513
,2023-01-17 01:00,0.3113308182313504,0.320409651723249
,2023-01-17 02:00,0.31135606851647424,0.3204190305555364
,2023-01-17 03:00,0.31138601158300927,0.32042827442490807
,2023-01-17 04:00,0.3114199680601116,0.3204373843640049
,2023-01-17 05:00,0.3114572154046764,0.3204463614373041
,2023-01-17 06:00,0.311497028417262,0.32045520675257755
,2023-01-17 07:00,0.3115387110132667,0.32046392147471525
,2023-01-17 08:00,0.31158161854645716,0.32047250684177175
,2023-01-17 09:00,0.3116251698059686,0.32048096418290684
,2023-01-17 10:00,0.31166885186950544,0.3204892949377186
,2023-01-17 11:00,0.31171222166274354,0.3204975006763082
,2023-01-17 12:00,0.31175490410536255,0.3205055831193068
,2023-01-17 13:00,0.3117965880773104,0.32051354415702427
,2023-01-17 14:00,0.3118370212331263,0.32052138586687595
,2023-01-17 15:00,0.31187600264069415,0.32052911052828825
,2023-01-17 16:00,0.3119133760885292,0.3205367206343801
,2023-01-17 17:00,0.3119490251214603,0.3205442188998558
,2023-01-17 18:00,0.3119828679511527,0.32055160826470586
,2023-01-17 19:00,0.31201485223968023,0.3205588918934918
,2023-01-17 20:00,0.31204494933748017,0.3205660731701664
,2023-01-17 21:00,0.3120731488536248,0.32057315568855166
,2023-01-17 22:00,0.31209945470961387,0.32058014323874295
,2023-01-17 23:00,0.31212388239708866,0.32058703978983294
,2023-01-18 00:00,0.31214645688893994,0.3205938494694431
,2023-01-18 01:00,0.3121672108956872,0.3206005765406164
,2023-01-18 02:00,0.3121861833487937,0.3206072253766623
,2023-01-18 03:00,0.3122034180722586,0.32061380043455423
,2023-01-18 04:00,0.3122189626270504,0.32062030622747006
,2023-01-18 05:00,0.3122328673163989,0.32062674729703466
,2023-01-18 06:00,0.3122451843386531,0.32063312818577694
,2023-01-18 07:00,0.3122559670730469,0.320639453410262
,2023-01-18 08:00,0.31226526948326727,0.32064572743529307
,2023-01-18 09:00,0.31227314562412123,0.32065195464951635
,2023-01-18 10:00,0.3122796492375294,0.3206581393426947
,2023-01-18 11:00,0.31228483342529917,0.32066428568485283
,2023-01-18 12:00,0.31228875038745463,0.3206703977074392
,2023-01-18 13:00,0.31229145121622426,0.320676479286595
,2023-01-18 14:00,0.3122929857370397,0.32068253412857084
,2023-01-18 15:00,0.312293402389047,0.3206885657572933
,2023-01-18 16:00,0.3122927481386718,0.320694577504045
,2023-01-18 17:00,0.3122910684206923,0.3207005724991934
,2023-01-18 18:00,0.31228840710208805,0.32070655366588124
,2023-01-18 19:00,0.31228480646462836,0.32071252371557046
,2023-01-18 20:00,0.31228030720277733,0.32071848514532053
,2023-01-18 21:00,0.3122749484340155,0.3207244402366722
,2023-01-18 22:00,0.3122687677191301,0.32073039105599954
,2023-01-18 23:00,0.3122618010904121,0.3207363394561954
,2023-01-19 00:00,0.3122540830860274,0.32074228707955044
,2023-01-19 01:00,0.31224564678911326,0.3207482353616923
,2023-01-19 02:00,0.31223652387038947,0.3207541855364521
,2023-01-19 03:00,0.31222674463327804,0.3207601386415333
,2023-01-19 04:00,0.3122163380606966,0.3207660955248631
,2023-01-19 05:00,0.31220533186284105,0.3207720568515138
,2023-01-19 06:00,0.31219375253506965,0.3207780231110878
,2023-01-19 07:00,0.3121816256229773,0.32078399462547247
,2023-01-19 08:00,0.3121689772926257,0.3207899715568717
,2023-01-19 09:00,0.3121558399250869,0.32079595391603544
,2023-01-19 10:00,0.3121422653900182,0.32080194157061237
,2023-01-19 11:00,0.312128348680544,0.32080793425356074
,2023-01-19 12:00,0.31211426196378744,0.3208139315715572
,2023-01-19 13:00,0.3121002949475066,0.32081993301335343
,2023-01-19 14:00,0.3120868918990983,0.320825937958034
,2023-01-19 15:00,0.31207467169705805,0.32083194568313866
,2023-01-19 16:00,0.3120644190694719,0.32083795537261905
,2023-01-19 17:00,0.31205704286510755,0.32084396612461175
,2023-01-19 18:00,0.31205350654547126,0.3208499769590247
,2023-01-19 19:00,0.31205474250351717,0.32085598682495925
,2023-01-19 20:00,0.3120615643372773,0.32086199460802506
,2023-01-19 21:00,0.31207458960015944,0.3208679991376512
,2023-01-19 22:00,0.3120941823944422,0.32087399919455983
,2023-01-19 23:00,0.31212042390060724,0.32087999351863505
,2023-01-20 00:00,0.31215311397818446,0.32088598081749203
,2023-01-20 01:00,0.3121918025958357,0.32089195977611074
,2023-01-20 02:00,0.3122358403578273,0.3208979290679328
,2023-01-20 03:00,0.3122844461622394,0.3209038873678225
,2023-01-20 04:00,0.3123367603480023,0.32090983336724155
,2023-01-20 05:00,0.3123919124926595,0.3209157657918875
,2023-01-20 06:00,0.3124490607516765,0.3209216834218937
,2023-01-20 07:00,0.31250741243059466,0.32092758511449454
,2023-01-20 08:00,0.31256625295075624,0.32093346982884596
,2023-01-20 09:00,0.3126249617083564,0.32093933665246677
,2023-01-20 10:00,0.312683010807138,0.32094518482856815
,2023-01-20 11:00,0.3127399476829994,0.3209510137833767
,2023-01-20 12:00,0.3127954025859502,0.3209568231524532
,2023-01-20 13:00,0.3128490813118687,0.32096261280497385
,2023-01-20 14:00,0.31290075555279634,0.32096838286497487
,2023-01-20 15:00,0.31295025378464814,0.320974133728661
,2023-01-20 16:00,0.3129974528922141,0.32097986607703316
,2023-01-20 17:00,0.31304227059005985,0.32098558088328577
,2023-01-20 18:00,0.3130846586777409,0.3209912794146438
,2023-01-20 19:00,0.3131245971265116,0.32099696322853194
,2023-01-20 20:00,0.3131620945138254,0.3210026341631882
,2023-01-20 21:00,0.31319717522602486,0.3210082943230249
,2023-01-20 22:00,0.3132298742315355,0.32101394605920963
,2023-01-20 23:00,0.31326024393287577,0.3210195919460632
,2023-01-21 00:00,0.31328834762761887,0.3210252347539671
,2023-01-21 01:00,0.3133142564303974,0.32103087741952346
,2023-01-21 02:00,0.3133380413639027,0.32103652301373325
,2023-01-21 03:00,0.3133597715935319,0.32104217470894464
,2023-01-21 04:00,0.313379515731196,0.32104783574529044
,2023-01-21 05:00,0.3133973425998199,0.32105350939727784
,2023-01-21 06:00,0.3134133212693784,0.32105919894112234
,2023-01-21 07:00,0.313427520752954,0.32106490762334317
,2023-01-21 08:00,0.3134400096079286,0.3210706386310525
,2023-01-21 09:00,0.3134508555497254,0.32107639506428737
,2023-01-21 10:00,0.3134601251169946,0.32108217991065213
,2023-01-21 11:00,0.3134678833978445,0.32108799602246185
,2023-01-21 12:00,0.3134741938150499,0.32109384609650493
,2023-01-21 13:00,0.3134791179787916,0.32109973265647995
,2023-01-21 14:00,0.31348271589124005,0.3211056580381052
,2023-01-21 15:00,0.3134850480426048,0.32111162437685115
,2023-01-21 16:00,0.31348618299046976,0.32111763359820794
,2023-01-21 17:00,0.3134862148301757,0.3211236874103684
,2023-01-21 18:00,0.3134852932237334,0.32112978729918373
,2023-01-21 19:00,0.3134836656073982,0.32113593452523215
,2023-01-21 20:00,0.3134817339454419,0.3211421301228299
,2023-01-21 21:00,0.31348016236905313,0.32114837490080966
,2023-01-21 22:00,0.31348016732411754,0.3211546694448909
,2023-01-21 23:00,0.3134843325690285,0.3211610141214726
,2023-01-22 00:00,0.31349887126879805,0.3211674090826919
,2023-01-22 01:00,0.31353956429718977,0.32117385427261824
,2023-01-22 02:00,0.3136451791109262,0.3211803494344925
,2023-01-22 03:00,0.3139003768274583,0.3211868941190013
,2023-01-22 04:00,0.31445128928342003,0.32119348769372924
,2023-01-22 05:00,0.31547926122076503,0.32120012935427206
,2023-01-22 06:00,0.3171090471150346,0.3212068181382731
,2023-01-22 07:00,0.31931200850070107,0.32121355294539616
,2023-01-22 08:00,0.3219119662870089,0.3212203325698805
,2023-01-22 09:00,0.3246810197470234,0.3212271557590518
,2023-01-22 10:00,0.32742951307252977,0.321234021321957
,2023-01-22 11:00,0.33005423482740787,0.32124092832694084
,2023-01-22 12:00,0.3325640360201481,0.32124787644309244
,2023-01-22 13:00,0.33512525264312415,0.3212548664932809
,2023-01-22 14:00,0.33816618925144126,0.32126190129000987
,2023-01-22 15:00,0.3424142994910181,0.32126898681478966
,2023-01-22 16:00,0.3483030402049707,0.32127613377654235
,2023-01-22 17:00,0.35489599632550917,0.32128335955108667
,2023-01-22 18:00,0.36058267422501233,0.3212906904779091
,2023-01-22 19:00,0.3647638788106752,0.32129816449918475
,2023-01-22 20:00,0.36768843046699085,0.3213058342048946
,2023-01-22 21:00,0.36973894224491527,0.32131377052297927
,2023-01-22 22:00,0.37120015053595523,0.3213220675422298
,2023-01-22 23:00,0.37225509027738773,0.3213308491756331
,2023-01-23 00:00,0.3730187231528348,0.32134027840267027
,2023-01-23 01:00,0.373565059011099,0.3213505695361994
,2023-01-23 02:00,0.3739437321249612,0.3213620033311391
,2023-01-23 03:00,0.37418940779709525,0.32137494393383786
,2023-01-23 04:00,0.3743271368864174,0.3213898559085004
,2023-01-23 05:00,0.3743755151344554,0.3214073191045026
,2023-01-23 06:00,0.3743487670773496,0.32142803907350864
,2023-01-23 07:00,0.37425878575822513,0.3214528510981013
,2023-01-23 08:00,0.37411674225832736,0.3214827165387124
,2023-01-23 09:00,0.373933342149122,0.3215187109840878
,2023-01-23 10:00,0.3737182884013098,0.3215620044567439
,2023-01-23 11:00,0.3734798295384843,0.3216138345789505
,2023-01-23 12:00,0.37322464628070173,0.32167547409915187
,2023-01-23 13:00,0.3729579614303865,0.32174819450742886
,2023-01-23 14:00,0.3726837785932729,0.3218332276490532
,2023-01-23 15:00,0.37240512023635036,0.3219317273006941
,2023-01-23 16:00,0.37212422995864514,0.32204473262229927
,2023-01-23 17:00,0.37184276792343945,0.32217313524854313
,2023-01-23 18:00,0.37156194980558727,0.3223176515421567
,2023-01-23 19:00,0.37128264254754806,0.3224788012053494
,2023-01-23 20:00,0.3710054678154271,0.32265689305139894
,2023-01-23 21:00,0.3707308623924528,0.322852018303209
,2023-01-23 22:00,0.37045910995354325,0.3230640513438985
,2023-01-23 23:00,0.37019040237909195,0.32329265743341834
,2023-01-24 00:00,0.36992485525263724,0.3235373065581918
,2023-01-24 01:00,0.36966251501192926,0.3237972923224841
,2023-01-24 02:00,0.36940340939103095,0.32407175463359933
,2023-01-24 03:00,0.36914752171623455,0.32435970487890087
,2023-01-24 04:00,0.3688948166736363,0.324660052331274
,2023-01-24 05:00,0.36864525942600607,0.32497163063350903
,2023-01-24 06:00,0.36839877992430586,0.32529322337949307
,2023-01-24 07:00,0.3681553363278539,0.32562358800844354
,2023-01-24 08:00,0.3679148474764739,0.32596147743692017
,2023-01-24 09:00,0.36767726793423716,0.32630565905484865
,2023-01-24 10:00,0.3674425213486975,0.3266549308936859
,2023-01-24 11:00,0.36721055523305096,0.32700813492920977
,2023-01-24 12:00,0.36698129865508544,0.3273641676045125
,2023-01-24 13:00,0.3667547099678554,0.32772198775030914
,2023-01-24 14:00,0.36653070546054006,0.32808062214180567
,2023-01-24 15:00,0.3663092898863347,0.3284391689678303
,2023-01-24 16:00,0.36609032165192257,0.32879679950323826
,2023-01-24 17:00,0.36587389716598434,0.32915275827443735
,2023-01-24 18:00,0.3656595915747,0.3295063619946945
,2023-01-24 19:00,0.36544727069752636,0.3298569975245783
,2023-01-24 20:00,0.3652368986001546,0.3302041190867379
,2023-01-24 21:00,0.36502849072243054,0.33054724493580334
,2023-01-24 22:00,0.36482199615322997,0.33088595365543183
,2023-01-24 23:00,0.364617395709636,0.3312198802268036
,2023-01-25 00:00,0.3644146620476786,0.33154871198713387
,2023-01-25 01:00,0.3642137689953252,0.33187218457359724
,2023-01-25 02:00,0.3640146907185067,0.33219007792772826
,2023-01-25 03:00,0.36381740109306665,0.33250221241804
,2023-01-25 04:00,0.36362187421983205,0.3328084451243287
,2023-01-25 05:00,0.36342808435092494,0.33310866631617253
,2023-01-25 06:00,0.36323600553300917,0.3334027961532474
,2023-01-25 07:00,0.36304561395496543,0.3336907816428385
,2023-01-25 08:00,0.3628568896475556,0.333972593872899
,2023-01-25 09:00,0.36266981512058033,0.3342482254472439
,2023-01-25 10:00,0.36248437335106837,0.3345176880023594
,2023-01-25 11:00,0.3623005466382911,0.3347810097723316
,2023-01-25 12:00,0.36211831625094926,0.33503823327060933
,2023-01-25 13:00,0.36193766247798786,0.33528941317532324
,2023-01-25 14:00,0.36175856482562646,0.33553461446364696
,2023-01-25 15:00,0.36158100223960665,0.3357739107952056
,2023-01-25 16:00,0.3614049533063986,0.3360073831186346
,2023-01-25 17:00,0.3612303964204929,0.336235118467584
,2023-01-25 18:00,0.36105730991800367,0.33645720891447006
,2023-01-25 19:00,0.3608856721811125,0.3366737506557218
,2023-01-25 20:00,0.3607154617186814,0.33688484320790835
,2023-01-25 21:00,0.36054665722789286,0.3370905886987935
,2023-01-25 22:00,0.3603792376409748,0.33729109124086676
,2023-01-25 23:00,0.36021318216025766,0.3374864563774209
,2023-01-26 00:00,0.3600484702841149,0.3376767905930407
,2023-01-26 01:00,0.35988508182577955,0.3378622008816506
,2023-01-26 02:00,0.3597229969265816,0.33804279436621565
,2023-01-26 03:00,0.359562196064811,0.3382186779649058
,2023-01-26 04:00,0.35940266006114574,0.33838995809909883
,2023-01-26 05:00,0.35924437008137894,0.33855674043906603
,2023-01-26 06:00,0.35908730763702207,0.3387191296835764
,2023-01-26 07:00,0.3589314545842412,0.3388772293700061
,2023-01-26 08:00,0.3587767931214863,0.3390311417118431
,2023-01-26 09:00,0.3586233057861005,0.33918096746076376
,2023-01-26 10:00,0.3584709754501388,0.3393268057907042
,2023-01-26 11:00,0.3583197853155801,0.3394687542015914
,2023-01-26 12:00,0.358169718909079,0.33960690844060837
,2023-01-26 13:00,0.35802076007637584,0.3397413624390647
,2023-01-26 14:00,0.3578728929764615,0.33987220826313097
,2023-01-26 15:00,0.35772610207557237,0.33999953607685374
,2023-01-26 16:00,0.35758037214107824,0.34012343411602713
,2023-01-26 17:00,0.3574356882353142,0.34024398867163314
,2023-01-26 18:00,0.35729203570939405,0.3403612840816903
,2023-01-26 19:00,0.3571494001970405,0.34047540273046895
,2023-01-26 20:00,0.3570077676084562,0.34058642505413367
,2023-01-26 21:00,0.35686712412425575,0.34069442955197315
,2023-01-26 22:00,0.35672745618947677,0.34079949280246213
,2023-01-26 23:00,0.3565887505076806,0.340901689483482
,2023-01-27 00:00,0.35645099403515335,0.3410010923960948
,2023-01-27 01:00,0.356314173975215,0.3410977724913341
,2023-01-27 02:00,0.35617827777264044,0.3411917988995319
,2023-01-27 03:00,0.35604329310819827,0.3412832389617541
,2023-01-27 04:00,0.35590920789330793,0.3413721582629664
,2023-01-27 05:00,0.35577601026481803,0.34145862066659194
,2023-01-27 06:00,0.35564368857990475,0.3415426883501643
,2023-01-27 07:00,0.355512231411093,0.34162442184181163
,2023-01-27 08:00,0.35538162754139613,0.34170388005733965
,2023-01-27 09:00,0.3552518659595752,0.34178112033770924
,2023-01-27 10:00,0.3551229358555164,0.34185619848672966
,2023-01-27 11:00,0.3549948266157234,0.3419291688088094
,2023-01-27 12:00,0.35486752781892383,0.3420000841466293
,2023-01-27 13:00,0.35474102923178685,0.3420689959186183
,2023-01-27 14:00,0.3546153208047502,0.3421359541561284
,2023-01-27 15:00,0.3544903926679539,0.3422010075402232
,2023-01-27 16:00,0.3543662351272779,0.3422642034379997
,2023-01-27 17:00,0.3542428386604819,0.3423255879383843
,2023-01-27 18:00,0.35412019391344407,0.3423852058873447
,2023-01-27 19:00,0.3539982916964967,0.34244310092247543
,2023-01-27 20:00,0.35387712298085544,0.34249931550691753
,2023-01-27 21:00,0.3537566788951409,0.3425538909625854
,2023-01-27 22:00,0.35363695072198925,0.34260686750267344
,2023-01-27 23:00,0.35351792989474934,0.3426582842634277
,2023-01-28 00:00,0.3533996079942649,0.3427081793351669
,2023-01-28 01:00,0.35328197674573786,0.3427565897925452
,2023-01-28 02:00,0.35316502801567223,0.34280355172405075
,2023-01-28 03:00,0.3530487538088957,0.34284910026073867
,2023-01-28 04:00,0.3529331462656563,0.34289326960419914
,2023-01-28 05:00,0.35281819765879185,0.3429360930537644
,2023-01-28 06:00,0.352703900390972,0.3429776030329601
,2023-01-28 07:00,0.3525902469920082,0.3430178311152092
,2023-01-28 08:00,0.3524772301162318,0.34305680804879674
,2023-01-28 09:00,0.352364842539937,0.34309456378110664
,2023-01-28 10:00,0.3522530771588879,0.3431311274821425
,2023-01-28 11:00,0.3521419269858861,0.34316652756734456
,2023-01-28 12:00,0.3520313851483999,0.3432007917197175
,2023-01-28 13:00,0.3519214448862505,0.3432339469112812
,2023-01-28 14:00,0.3518120995493553,0.34326601942386137
,2023-01-28 15:00,0.35170334259552605,0.3432970348692349
,2023-01-28 16:00,0.3515951675883208,0.3433270182086433
,2023-01-28 17:00,0.3514875681949474,0.34335599377169346
,2023-01-28 18:00,0.3513805381842175,0.34338398527465774
,2023-01-28 19:00,0.3512740714245498,0.3434110158381928
,2023-01-28 20:00,0.351168161882021,0.34343710800449034
,2023-01-28 21:00,0.3510628036184623,0.3434622837538775
,2023-01-28 22:00,0.3509579907896025,0.3434865645208812
,2023-01-28 23:00,0.35085371764325246,0.3435099712097736
,2023-01-29 00:00,0.35074997851753476,0.3435325242096128
,2023-01-29 01:00,0.3506467678391522,0.3435542434087946
,2023-01-29 02:00,0.35054408012169824,0.34357514820913065
,2023-01-29 03:00,0.3504419099640054,0.3435952575394674
,2023-01-29 04:00,0.350340252048532,0.34361458986886023
,2023-01-29 05:00,0.3502391011397853,0.34363316321931714
,2023-01-29 06:00,0.35013845208278116,0.3436509951781267
,2023-01-29 07:00,0.3500382998015381,0.34366810290978245
,2023-01-29 08:00,0.349938639297605,0.34368450316751853
,2023-01-29 09:00,0.3498394656486219,0.34370021230446807
,2023-01-29 10:00,0.34974077400691306,0.34371524628445843
,2023-01-29 11:00,0.3496425595981104,0.3437296206924554
,2023-01-29 12:00,0.34954481771980817,0.3437433507446668
,2023-01-29 13:00,0.3494475437402457,0.3437564512983199
,2023-01-29 14:00,0.34935073309702025,0.34376893686112137
,2023-01-29 15:00,0.349254381295826,0.3437808216004127
,2023-01-29 16:00,0.3491584839092216,0.34379211935203097
,2023-01-29 17:00,0.349063036575423,0.34380284362888514
,2023-01-29 18:00,0.34896803499712215,0.3438130076292592
,2023-01-29 19:00,0.3488734749403309,0.3438226242448502
,2023-01-29 20:00,0.34877935223324846,0.3438317060685522
,2023-01-29 21:00,0.3486856627651527,0.34384026540199397
,2023-01-29 22:00,0.34859240248531487,0.343848314262841
,2023-01-29 23:00,0.3484995674019355,0.34385586439186855
,2023-01-30 00:00,0.348407153581103,0.3438629272598147
,2023-01-30 01:00,0.3483151571457734,0.3438695140740229
,2023-01-30 02:00,0.3482235742747693,0.34387563578487923
,2023-01-30 03:00,0.34813240120180095,0.3438813030920535
,2023-01-30 04:00,0.34804163421450496,0.3438865264505513
,2023-01-30 05:00,0.34795126965350326,0.3438913160765828
,2023-01-30 06:00,0.34786130391147974,0.3438956819532575
,2023-01-30 07:00,0.34777173343227535,0.3438996338361082
,2023-01-30 08:00,0.34768255471000103,0.3439031812584527
,2023-01-30 09:00,0.347593764288167,0.3439063335365989
,2023-01-30 10:00,0.34750535875882965,0.34390909977489825
,2023-01-30 11:00,0.34741733476175346,0.3439114888706542
,2023-01-30 12:00,0.3473296889835905,0.34391350951888966
,2023-01-30 13:00,0.3472424181570742,0.3439151702169808
,2023-01-30 14:00,0.34715551906022823,0.34391647926915925
,2023-01-30 15:00,0.34706898851559087,0.34391744479089054
,2023-01-30 16:00,0.346982823389453,0.34391807471313113
,2023-01-30 17:00,0.34689702059111066,0.343918376786469
,2023-01-30 18:00,0.34681157707213134,0.3439183585851533
,2023-01-30 19:00,0.3467264898256331,0.34391802751101463
,2023-01-30 20:00,0.3466417558855774,0.3439173907972831
,2023-01-30 21:00,0.3465573723260747,0.3439164555123047
,2023-01-30 22:00,0.34647333626070187,0.3439152285631618
,2023-01-30 23:00,0.34638964484183277,0.3439137166992004
,2023-01-31 00:00,0.34630629525998,0.34391192651546776
,2023-01-31 01:00,0.3462232847431491,0.343909864456063
,2023-01-31 02:00,0.34614061055620327,0.3439075368174043
,2023-01-31 03:00,0.34605827000024014,0.34390494975141594
,2023-01-31 04:00,0.34597626041197904,0.34390210926863685
,2023-01-31 05:00,0.3458945791631592,0.34389902124125427
,2023-01-31 06:00,0.34581322365994793,0.3438956914060654
,2023-01-31 07:00,0.3457321913423601,0.3438921253673679
,2023-01-31 08:00,0.3456514796836868,0.3438883285997838
,2023-01-31 09:00,0.3455710861899342,0.3438843064510172
,2023-01-31 10:00,0.34549100839927216,0.3438800641445492
,2023-01-31 11:00,0.3454112438814923,0.34387560678227147
,2023-01-31 12:00,0.3453317902374752,0.34387093934706026
,2023-01-31 13:00,0.34525264509866693,0.34386606670529396
,2023-01-31 14:00,0.3451738061265649,0.3438609936093143
,2023-01-31 15:00,0.3450952710122113,0.3438557246998346
,2023-01-31 16:00,0.34501703747569684,0.34385026450829514
,2023-01-31 17:00,0.3449391032656713,0.3438446174591689
,2023-01-31 18:00,0.34486146615886387,0.3438387878722178
,2023-01-31 19:00,0.34478412395961056,0.34383277996470174
,2023-01-31 20:00,0.3447070744993904,0.3438265978535414
,2023-01-31 21:00,0.34463031563636887,0.3438202455574366
,2023-01-31 22:00,0.34455384525494964,0.3438137269989407
,2023-01-31 23:00,0.34447766126533363,0.3438070460064932
,2023-02-01 00:00,0.3444017616030857,0.34380020631641117
,2023-02-01 01:00,0.34432614422870855,0.34379321157484055
,2023-02-01 02:00,0.3442508071272241,0.3437860653396688
,2023-02-01 03:00,0.3441757483077615,0.34377877108239996
,2023-02-01 04:00,0.3441009658031529,0.34377133218999184
,2023-02-01 05:00,0.3440264576695357,0.3437637519666586
,2023-02-01 06:00,0.34395222198596115,0.3437560336356371
,2023-02-01 07:00,0.3438782568540106,0.34374818034092036
,2023-02-01 08:00,0.34380456039741736,0.3437401951489564
,2023-02-01 09:00,0.3437311307616957,0.3437320810503153
,2023-02-01 10:00,0.343657966113776,0.3437238409613246
,2023-02-01 11:00,0.3435850646416459,0.3437154777256731
,2023-02-01 12:00,0.343512424553998,0.3437069941159844
,2023-02-01 13:00,0.34344004407988343,0.3436983928353614
,2023-02-01 14:00,0.34336792146837164,0.34368967651890103
,2023-02-01 15:00,0.3432960549882155,0.3436808477351808
,2023-02-01 16:00,0.3432244429275232,0.3436719089877179
,2023-02-01 17:00,0.34315308359343444,0.3436628627164
,2023-02-01 18:00,0.34308197531180384,0.34365371129889105
,2023-02-01 19:00,0.34301111642688875,0.34364445705200924
,2023-02-01 20:00,0.3429405053010429,0.34363510223308014
,2023-02-01 21:00,0.3428701403144155,0.3436256490412648
,2023-02-01 22:00,0.34280001986465536,0.34361609961886275
,2023-02-01 23:00,0.34273014236662086,0.3436064560525909
,2023-02-02 00:00,0.34266050625209415,0.3435967203748385
,2023-02-02 01:00,0.34259110996950115,0.34358689456489977
,2023-02-02 02:00,0.34252195198363633,0.3435769805501816
,2023-02-02 03:00,0.3424530307753919,0.34356698020739096
,2023-02-02 04:00,0.34238434484149294,0.3435568953636984
,2023-02-02 05:00,0.34231589269423623,0.343546727797881
,2023-02-02 06:00,0.34224767286123436,0.3435364792414429
,2023-02-02 07:00,0.3421796838851643,0.3435261513797158
,2023-02-02 08:00,0.3421119243235203,0.34351574585293804
,2023-02-02 09:00,0.3420443927483719,0.34350526425731354
,2023-02-02 10:00,0.34197708774612573,0.34349470814605076
,2023-02-02 11:00,0.341910007917292,0.34348407903038236
,2023-02-02 12:00,0.3418431518762551,0.34347337838056424
,2023-02-02 13:00,0.3417765182510486,0.3434626076268572
,2023-02-02 14:00,0.3417101056831342,0.3434517681604884
,2023-02-02 15:00,0.3416439128271851,0.34344086133459484
,2023-02-02 16:00,0.341577938350873,0.3434298884651493
,2023-02-02 17:00,0.34151218093465935,0.3434188508318669
,2023-02-02 18:00,0.34144663927159036,0.3434077496790954
,2023-02-02 19:00,0.3413813120670961,0.34339658621668745
,2023-02-02 20:00,0.3413161980387929,0.34338536162085603
,2023-02-02 21:00,0.3412512959158154,0.343374077035032
,2023-02-02 22:00,0.34118660443018045,0.34336273357131
,2023-02-02 23:00,0.34112212230249483,0.34335133231409365
,2023-02-03 00:00,0.341057848245426,0.3433398743249385
,2023-02-03 01:00,0.34099378097968003,0.34332836064481786
,2023-02-03 02:00,0.34092991924616195,0.34331679229258816
,2023-02-03 03:00,0.34086626181015356,0.34330517026158336
,2023-02-03 04:00,0.3408028074604322,0.3432934955165327
,2023-02-03 05:00,0.3407395550065073,0.34328176899179497
,2023-02-03 06:00,0.3406765032755817,0.3432699915909332
,2023-02-03 07:00,0.34061365110709624,0.3432581641878507
,2023-02-03 08:00,0.34055099734198074,0.3432462876310207
,2023-02-03 09:00,0.3404885408172247,0.3432343627494701
,2023-02-03 10:00,0.3404262803715056,0.34322239035561497
,2023-02-03 11:00,0.34036421485414203,0.3432103712434794
,2023-02-03 12:00,0.3403023431308671,0.3431983061849081
,2023-02-03 13:00,0.34024066408559156,0.3431861959264365
,2023-02-03 14:00,0.3401791766197006,0.34317404118780465
,2023-02-03 15:00,0.3401178796503094,0.3431618426619686
,2023-02-03 16:00,0.3400567721067768,0.3431496010172027
,2023-02-03 17:00,0.3399958529235939,0.34313731690342575
,2023-02-03 18:00,0.339935121035107,0.3431249909590887
,2023-02-03 19:00,0.33987457537705135,0.34311262381211527
,2023-02-03 20:00,0.33981421489185454,0.3431002160755421
,2023-02-03 21:00,0.3397540385332465,0.3430877683424648
,2023-02-03 22:00,0.33969404526855235,0.34307528118301756
,2023-02-03 23:00,0.3396342340790578,0.34306275514362394
,2023-02-04 00:00,0.33957460395917305,0.3430501907480822
,2023-02-04 01:00,0.33951515391374876,0.3430375885028748
,2023-02-04 02:00,0.33945588295310924,0.34302494890708696
,2023-02-04 03:00,0.33939679008961277,0.3430122724568069
,2023-02-04 04:00,0.33933787433836565,0.3429995596401223
,2023-02-04 05:00,0.3392791347203717,0.3429868109293761
,2023-02-04 06:00,0.33922057026555796,0.34297402677620836
,2023-02-04 07:00,0.33916218001453885,0.3429612076102031
,2023-02-04 08:00,0.33910396301914053,0.34294835383996614
,2023-02-04 09:00,0.33904591935592937,0.34293546585869705
,2023-02-04 10:00,0.33898806587932717,0.34292254405737954
,2023-02-04 11:00,0.3389305095239974,0.3429095888317313
,2023-02-04 12:00,0.33887361096404317,0.34289660057474014
,2023-02-04 13:00,0.33881818502892624,0.3428835796651971
,2023-02-04 14:00,0.33876561037690933,0.34287052646118665
,2023-02-04 15:00,0.3387177546373772,0.34285744129959944
,2023-02-04 16:00,0.33867672560620704,0.3428443245003865
,2023-02-04 17:00,0.33864453754669704,0.34283117638104177
,2023-02-04 18:00,0.3386227937541024,0.3428179972884181
,2023-02-04 19:00,0.33861245430463005,0.3428047876298458
,2023-02-04 20:00,0.338613714681658,0.34279154790399724
,2023-02-04 21:00,0.3386259959400572,0.3427782787582148
,2023-02-04 22:00,0.33864804137387977,0.3427649810877921
,2023-02-04 23:00,0.33867810216169075,0.3427516561767685
,2023-02-05 00:00,0.3387141701702917,0.34273830587272314
,2023-02-05 01:00,0.33875420371818243,0.342724932790442
,2023-02-05 02:00,0.3387963013111655,0.34271154053409286
,2023-02-05 03:00,0.3388388060438547,0.3426981338875105
,2023-02-05 04:00,0.33888035293877344,0.34268471895279506
,2023-02-05 05:00,0.33891991626311746,0.3426713032491471
,2023-02-05 06:00,0.33895695437390416,0.34265789576587163
,2023-02-05 07:00,0.33899163555157646,0.34264450695433624
,2023-02-05 08:00,0.33902496490081896,0.34263114865060273
,2023-02-05 09:00,0.33905866467270845,0.3426178339302551
,2023-02-05 10:00,0.33909482972033994,0.3426045769046505
,2023-02-05 11:00,0.339135495165104,0.3425913924733108
,2023-02-05 12:00,0.3391822551807553,0.3425782960510802
,2023-02-05 13:00,0.33923601053545044,0.34256530329118345
,2023-02-05 14:00,0.3392968629528293,0.34255242982616574
,2023-02-05 15:00,0.3393641395112265,0.34253969104737264
,2023-02-05 16:00,0.3394365272740654,0.34252710193976094
,2023-02-05 17:00,0.3395122938041788,0.3425146769825266
,2023-02-05 18:00,0.3395895399757885,0.3425024301179909
,2023-02-05 19:00,0.33966642654126966,0.34249037478288535
,2023-02-05 20:00,0.339741334127941,0.3424785239951271
,2023-02-05 21:00,0.3398129415399467,0.342466890479978
,2023-02-05 22:00,0.3398802384111127,0.3424554867845
,2023-02-05 23:00,0.3399425024383729,0.34244432535893254
,2023-02-06 00:00,0.3399992613576059,0.3424334186195679
,2023-02-06 01:00,0.34005024991615374,0.3424227789847496
,2023-02-06 02:00,0.3400953675401132,0.3424124188529415
,2023-02-06 03:00,0.34013463992067094,0.3424023505290205
,2023-02-06 04:00,0.34016818603801935,0.3423925861123781
,2023-02-06 05:00,0.340196191062361,0.34238313733994624
,2023-02-06 06:00,0.3402188848194473,0.34237401537859746
,2023-02-06 07:00,0.34023652508658214,0.3423652305876721
,2023-02-06 08:00,0.3402493848931448,0.34235679228397686
,2023-02-06 09:00,0.34025774305836937,0.34234870853260213
,2023-02-06 10:00,0.340261877297407,0.3423409859742744
,2023-02-06 11:00,0.3402620593312959,0.3423336296922467
,2023-02-06 12:00,0.3402585515370736,0.34232664311839633
,2023-02-06 13:00,0.3402516047652652,0.34232002797687766
,2023-02-06 14:00,0.340241457030383,0.3423137842629421
,2023-02-06 15:00,0.34022833284518694,0.342307910253942
,2023-02-06 16:00,0.3402124430221409,0.34230240254900357
,2023-02-06 17:00,0.3401939848073372,0.3422972561334662
,2023-02-06 18:00,0.3401731422449469,0.3422924644639732
,2023-02-06 19:00,0.34015008669569274,0.34228801957006166
,2023-02-06 20:00,0.34012497745243364,0.34228391216823273
,2023-02-06 21:00,0.3400979624109469,0.34228013178473665
,2023-02-06 22:00,0.34006917876541065,0.34227666688365715
,2023-02-06 23:00,0.3400387537067371,0.3422735049972758
,2023-02-07 00:00,0.34000680510842957,0.34227063285612724
,2023-02-07 01:00,0.33997344218951586,0.3422680365165782
,2023-02-07 02:00,0.33993876614775076,0.34226570148417346
,2023-02-07 03:00,0.33990287075896475,0.34226361283137274
,2023-02-07 04:00,0.33986584294039923,0.3422617553086441
,2023-02-07 05:00,0.33982776327728736,0.3422601134481844
,2023-02-07 06:00,0.3397887065129433,0.3422586716597994
,2023-02-07 07:00,0.33974874200331956,0.3422574143186977
,2023-02-07 08:00,0.3397079341374568,0.3422563258451385
,2023-02-07 09:00,0.3396663427255444,0.34225539077602063
,2023-02-07 10:00,0.3396240233564782,0.3422545938286212
,2023-02-07 11:00,0.33958102772687687,0.3422539199567825
,2023-02-07 12:00,0.3395374039435314,0.3422533543999118
,2023-02-07 13:00,0.339493196801225,0.34225288272520865
,2023-02-07 14:00,0.33944844803779595,0.3422524908635637
,2023-02-07 15:00,0.3394031965682274,0.3422521651395879
,2023-02-07 16:00,0.33935747869945004,0.3422518922962402
,2023-02-07 17:00,0.33931132832743804,0.34225165951451336
,2023-02-07 18:00,0.3392647771180693,0.3422514544286318
,2023-02-07 19:00,0.3392178546731165,0.3422512651371952
,2023-02-07 20:00,0.3391705886826288,0.3422510802106844
,2023-02-07 21:00,0.33912300506486587,0.34225088869572345
,2023-02-07 22:00,0.33907512809485135,0.34225068011646587
,2023-02-07 23:00,0.339026980522523,0.3422504444734501
,2023-02-08 00:00,0.338978583681375,0.34225017224024246
,2023-02-08 01:00,0.3389299575884111,0.34224985435816074
,2023-02-08 02:00,0.33888112103615403,0.34224948222934826
,2023-02-08 03:00,0.33883209167739464,0.34224904770844233
,2023-02-08 04:00,0.3387828861033008,0.3422485430930601
,2023-02-08 05:00,0.3387335199154535,0.3422479611133027
,2023-02-08 06:00,0.33868400779232544,0.3422472949204586
,2023-02-08 07:00,0.3386343635482515,0.34224653807518557
,2023-02-08 08:00,0.3385846001767831,0.3422456845364207
,2023-02-08 09:00,0.33853472989320804,0.34224472865226746
,2023-02-08 10:00,0.33848476419139584,0.34224366515083704
,2023-02-08 11:00,0.338434713897999,0.3422424891294559
,2023-02-08 12:00,0.3383845892164538,0.34224119604320524
,2023-02-08 13:00,0.3383343997705522,0.34223978169138347
,2023-02-08 14:00,0.3382841546456104,0.34223824220230725
,2023-02-08 15:00,0.3382338624219723,0.3422365740195636
,2023-02-08 16:00,0.33818353120580263,0.34223477388711976
,2023-02-08 17:00,0.33813316865975296,0.3422328388329623
,2023-02-08 18:00,0.3380827820297899,0.3422307661570073
,2023-02-08 19:00,0.33803237816871756,0.342228553418394
,2023-02-08 20:00,0.3379819635594798,0.34222619841874663
,2023-02-08 21:00,0.33793154433732486,0.3422236991914521
,2023-02-08 22:00,0.3378811263092715,0.3422210539927605
,2023-02-08 23:00,0.33783071497224637,0.34221826128473176
,2023-02-09 00:00,0.33778031553084154,0.3422153197242246
,2023-02-09 01:00,0.33772993291370873,0.3422122281601149
,2023-02-09 02:00,0.33767957178836644,0.34220898561717983
,2023-02-09 03:00,0.33762923657534544,0.3422055912798597
,2023-02-09 04:00,0.33757893146178525,0.3422020444967192
,2023-02-09 05:00,0.33752866041392404,0.3421983447707453
,2023-02-09 06:00,0.3374784271886335,0.34219449173276967
,2023-02-09 07:00,0.33742823534448413,0.34219048514692463
,2023-02-09 08:00,0.3373780882522513,0.3421863249190668
,2023-02-09 09:00,0.33732798910461465,0.3421820110611654
,2023-02-09 10:00,0.33727794092523644,0.34217754367791664
,2023-02-09 11:00,0.337227946577455,0.34217292300683005
,2023-02-09 12:00,0.33717800877249104,0.34216814938858237
,2023-02-09 13:00,0.337128130077078,0.3421632232137699
,2023-02-09 14:00,0.337078312920656,0.342158144976366
,2023-02-09 15:00,0.3370285596022431,0.3421529152954472
,2023-02-09 16:00,0.33697887229691587,0.3421475348190405
,2023-02-09 17:00,0.336929253061875,0.3421420042280355
,2023-02-09 18:00,0.3368797038421889,0.3421363243570452
,2023-02-09 19:00,0.33683022647626404,0.3421304960928731
,2023-02-09 20:00,0.33678082270101173,0.34212452027357565
,2023-02-09 21:00,0.3367314941567111,0.34211839785480314
,2023-02-09 22:00,0.3366822423916237,0.3421121299515779
,2023-02-09 23:00,0.336633068866383,0.34210571757787805
,2023-02-10 00:00,0.33658397495814635,0.3420991616992576
,2023-02-10 01:00,0.3365349619645187,0.34209246361588863
,2023-02-10 02:00,0.3364860311072819,0.34208562456440655
,2023-02-10 03:00,0.33643718353594276,0.3420786455324735
,2023-02-10 04:00,0.33638842033109373,0.3420715277835009
,2023-02-10 05:00,0.3363397425075998,0.34206427287056945
,2023-02-10 06:00,0.33629115101763063,0.3420568818801927
,2023-02-10 07:00,0.33624264675354704,0.3420493558273232
,2023-02-10 08:00,0.33619423055064124,0.34204169656199934
,2023-02-10 09:00,0.3361459031897424,0.3420339054181826
,2023-02-10 10:00,0.3360976653996979,0.34202598318626254
,2023-02-10 11:00,0.3360495178597358,0.3420179315434129
,2023-02-10 12:00,0.33600146120171326,0.34200975253728216
,2023-02-10 13:00,0.3359534960122563,0.34200144674752325
,2023-02-10 14:00,0.33590562283480047,0.34199301511893976
,2023-02-10 15:00,0.33585784217153475,0.34198446082531125
,2023-02-10 16:00,0.3358101544852544,0.34197578433215275
,2023-02-10 17:00,0.33576256020112744,0.3419669857919988
,2023-02-10 18:00,0.3357150597083799,0.34195806864451206
,2023-02-10 19:00,0.3356676533619038,0.34194903459843473
,2023-02-10 20:00,0.3356203414837908,0.34193988252829166
,2023-02-10 21:00,0.33557312436479664,0.3419306146819898
,2023-02-10 22:00,0.3355260022657397,0.34192123662728324
,2023-02-10 23:00,0.33547897541883587,0.3419117442122115
,2023-02-11 00:00,0.33543204402897425,0.34190213796230307
,2023-02-11 01:00,0.33538520827493595,0.34189241236142776
,2023-02-11 02:00,0.3353384683105581,0.34188257338206196
,2023-02-11 03:00,0.3352918242658479,0.34187262381486955
,2023-02-11 04:00,0.335245276248046,0.3418625629516857
,2023-02-11 05:00,0.33519882434264436,0.3418523911141056
,2023-02-11 06:00,0.3351524686143587,0.341842111747855
,2023-02-11 07:00,0.33510620910805955,0.34183172617738705
,2023-02-11 08:00,0.33506004584966265,0.34182123410658577
,2023-02-11 09:00,0.33501397884698153,0.3418106378654401
,2023-02-11 10:00,0.3349680080905433,0.3417999393140209
,2023-02-11 11:00,0.33492213355437,0.34178913892997137
,2023-02-11 12:00,0.3348763551967272,0.3417782381317175
,2023-02-11 13:00,0.3348306729608399,0.34176723870366843
,2023-02-11 14:00,0.33478508677557905,0.34175614165004875
,2023-02-11 15:00,0.3347395965561183,0.3417449481050262
,2023-02-11 16:00,0.33469420220456414,0.34173365962029045
,2023-02-11 17:00,0.3346489036105584,0.3417222774095776
,2023-02-11 18:00,0.3346037006518557,0.3417108025826032
,2023-02-11 19:00,0.33455859319487746,0.3416992365073309
,2023-02-11 20:00,0.3345135810952422,0.34168758042891234
,2023-02-11 21:00,0.3344686641982736,0.3416758354840719
,2023-02-11 22:00,0.33442384233948774,0.34166400293190097
,2023-02-11 23:00,0.33437911534506043,0.34165208398301405
,2023-02-12 00:00,0.3343344830322742,0.34164007978216054
,2023-02-12 01:00,0.33428994520994837,0.34162799152546286
,2023-02-12 02:00,0.3342455016788497,0.3416158203771548
,2023-02-12 03:00,0.3342011522320876,0.34160356746491033
,2023-02-12 04:00,0.3341568966554922,0.3415912339340789
,2023-02-12 05:00,0.33411273472797764,0.34157882090800484
,2023-02-12 06:00,0.3340686662218897,0.3415663294901303
,2023-02-12 07:00,0.3340246909033399,0.3415537607831386
,2023-02-12 08:00,0.33398080853252593,0.34154111586970265
,2023-02-12 09:00,0.33393701886403854,0.34152839581995276
,2023-02-12 10:00,0.3338933216471565,0.3415156016950954
,2023-02-12 11:00,0.3338497166261295,0.34150273454002245
,2023-02-12 12:00,0.33380620354044876,0.34148979538881896
,2023-02-12 13:00,0.33376278212510807,0.34147678526321634
,2023-02-12 14:00,0.3337194521108531,0.3414637051716354
,2023-02-12 15:00,0.3336762132244207,0.3414505561109107
,2023-02-12 16:00,0.3336330651887694,0.34143733906520635
,2023-02-12 17:00,0.3335900077232996,0.3414240550065662
,2023-02-12 18:00,0.33354704054406503,0.341410704894834
,2023-02-12 19:00,0.3335041633639761,0.34139728967765703
,2023-02-12 20:00,0.3334613758929947,0.3413838102907063
,2023-02-12 21:00,0.3334186778383208,0.3413702676576525
,2023-02-12 22:00,0.3333760689045721,0.34135666269031356
,2023-02-12 23:00,0.333333548793956,0.3413429962886766
,2023-02-13 00:00,0.3332911172064345,0.34132926934101504
,2023-02-13 01:00,0.3332487738398829,0.3413154827239989
,2023-02-13 02:00,0.3332065183902414,0.34130163730281704
,2023-02-13 03:00,0.33316435055166094,0.34128773393127537
,2023-02-13 04:00,0.33312227001664313,0.3412737734518973
,2023-02-13 05:00,0.3330802764761742,0.3412597566960352
,2023-02-13 06:00,0.3330383696198536,0.34124568448398496
,2023-02-13 07:00,0.33299654913601734,0.34123155762509916
,2023-02-13 08:00,0.3329548147118565,0.34121737691790066
,2023-02-13 09:00,0.3329131660335305,0.34120314315019684
,2023-02-13 10:00,0.3328716027862757,0.3411888570991952
,2023-02-13 11:00,0.33283012465451,0.3411745195316175
,2023-02-13 12:00,0.3327887313219325,0.34116013120381594
,2023-02-13 13:00,0.33274742247161965,0.34114569286189067
,2023-02-13 14:00,0.33270619778611676,0.3411312052418081
,2023-02-13 15:00,0.33266505694752624,0.34111666906952154
,2023-02-13 16:00,0.33262399963759187,0.34110208506109185
,2023-02-13 17:00,0.3325830255377795,0.3410874539228087
,2023-02-13 18:00,0.33254213432935464,0.3410727763513117
,2023-02-13 19:00,0.33250132569345636,0.3410580530337115
,2023-02-13 20:00,0.33246059931116867,0.3410432846477099
,2023-02-13 21:00,0.3324199548635879,0.3410284718617214
,2023-02-13 22:00,0.3323793920318883,0.3410136153349934
,2023-02-13 23:00,0.3323389104973842,0.34099871571772744
,2023-02-14 00:00,0.3322985099415894,0.34098377365119986
,2023-02-14 01:00,0.3322581900462744,0.3409687897678826
,2023-02-14 02:00,0.3322179504935208,0.3409537646915648
,2023-02-14 03:00,0.33217779096577366,0.3409386990374732
,2023-02-14 04:00,0.332137711145891,0.340923593412394
,2023-02-14 05:00,0.3320977107171921,0.3409084484147934
,2023-02-14 06:00,0.3320577893635021,0.3408932646349385
,2023-02-14 07:00,0.3320179467691965,0.3408780426550167
,2023-02-14 08:00,0.33197818261924195,0.3408627830492531
,2023-02-14 09:00,0.3319384965992362,0.3408474863840269
,2023-02-14 10:00,0.33189888839544607,0.3408321532179841
,2023-02-14 11:00,0.3318593576948433,0.3408167841021481
,2023-02-14 12:00,0.33181990418513907,0.34080137958002654
,2023-02-14 13:00,0.3317805275548171,0.34078594018771635
,2023-02-14 14:00,0.33174122749316415,0.3407704664540042
,2023-02-14 15:00,0.33170200369030084,0.3407549589004661
,2023-02-14 16:00,0.33166285583720917,0.3407394180415629
,2023-02-14 17:00,0.33162378362575995,0.34072384438473485
,2023-02-14 18:00,0.33158478674873826,0.3407082384304939
,2023-02-14 19:00,0.3315458648998678,0.34069260067251383
,2023-02-14 20:00,0.3315070177738343,0.34067693159772006
,2023-02-14 21:00,0.33146824506630723,0.3406612316863774
,2023-02-14 22:00,0.33142954647396095,0.3406455014121775
,2023-02-14 23:00,0.33139092169449424,0.340629741242325
,2023-02-15 00:00,0.33135237042664883,0.34061395163762315
,2023-02-15 01:00,0.3313138923702279,0.3405981330525591
,2023-02-15 02:00,0.3312754872261121,0.3405822859353883
,2023-02-15 03:00,0.3312371546962757,0.34056641072821814
,2023-02-15 04:00,0.33119889448380146,0.34055050786709207
,2023-02-15 05:00,0.3311607062928948,0.3405345777820721
,2023-02-15 06:00,0.33112258982889675,0.34051862089732177
,2023-02-15 07:00,0.33108454479829696,0.3405026376311878
,2023-02-15 08:00,0.3310465709087449,0.3404866283962822
,2023-02-15 09:00,0.3310086678690609,0.34047059359956267
,2023-02-15 10:00,0.33097083538924676,0.34045453364241357
,2023-02-15 11:00,0.33093307318049475,0.34043844892072556
,2023-02-15 12:00,0.33089538095519666,0.34042233982497494
,2023-02-15 13:00,0.33085775842695253,0.34040620674030214
,2023-02-15 14:00,0.33082020531057765,0.34039005004658995
,2023-02-15 15:00,0.3307827213221101,0.3403738701185404
,2023-02-15 16:00,0.33074530617881687,0.34035766732575146
,2023-02-15 17:00,0.33070795959919996,0.3403414420327926
,2023-02-15 18:00,0.33067068130300203,0.3403251945992798
,2023-02-15 19:00,0.33063347101121093,0.34030892537994994
,2023-02-15 20:00,0.3305963284460644,0.3402926347247338
,2023-02-15 21:00,0.3305592533310539,0.3402763229788286
,2023-02-15 22:00,0.33052224539092817,0.34025999048276967
,2023-02-15 23:00,0.3304853043516964,0.3402436375725013
,2023-02-16 00:00,0.3304484299406307,0.3402272645794463
,2023-02-16 01:00,0.33041162188626855,0.3402108718305754
,2023-02-16 02:00,0.3303748799184147,0.340194459648475
,2023-02-16 03:00,0.33033820376814255,0.3401780283514144
,2023-02-16 04:00,0.3303015931677954,0.3401615782534123
,2023-02-16 05:00,0.33026504785098726,0.3401451096643019
,2023-02-16 06:00,0.3302285675526035,0.34012862288979534
,2023-02-16 07:00,0.3301921520088009,0.3401121182315475
,2023-02-16 08:00,0.3301558009570075,0.34009559598721856
,2023-02-16 09:00,0.33011951413592244,0.34007905645053527
,2023-02-16 10:00,0.3300832912855151,0.34006249991135223
,2023-02-16 11:00,0.33004713214702436,0.34004592665571187
,2023-02-16 12:00,0.33001103646295743,0.3400293369659031
,2023-02-16 13:00,0.3299750039770881,0.3400127311205192
,2023-02-16 14:00,0.3299390344344557,0.3399961093945159
,2023-02-16 15:00,0.3299031275813627,0.3399794720592668
,2023-02-16 16:00,0.3298672831653731,0.3399628193826195
,2023-02-16 17:00,0.32983150093530994,0.3399461516289498
,2023-02-16 18:00,0.32979578064125287,0.33992946905921523
,2023-02-16 19:00,0.3297601220345356,0.33991277193100855
,2023-02-16 20:00,0.329724524867743,0.3398960604986093
,2023-02-16 21:00,0.32968898889470843,0.33987933501303524
,2023-02-16 22:00,0.3296535138705104,0.33986259572209254
,2023-02-16 23:00,0.32961809955146903,0.33984584287042524
,2023-02-17 00:00,0.3295827456951434,0.3398290766995645
,2023-02-17 01:00,0.3295474520603273,0.3398122974479758
,2023-02-17 02:00,0.32951221840704614,0.3397955053511068
,2023-02-17 03:00,0.32947704449655263,0.33977870064143334
,2023-02-17 04:00,0.32944193009132317,0.3397618835485051
,2023-02-17 05:00,0.329406874955054,0.3397450542989906
,2023-02-17 06:00,0.32937187885265673,0.33972821311672097
,2023-02-17 07:00,0.3293369415502545,0.3397113602227339
,2023-02-17 08:00,0.3293020628151773,0.3396944958353158
,2023-02-17 09:00,0.32926724241595795,0.3396776201700438
,2023-02-17 10:00,0.32923248012232753,0.3396607334398273
,2023-02-17 11:00,0.32919777570521064,0.3396438358549482
,2023-02-17 12:00,0.32916312893672106,0.3396269276231006
,2023-02-17 13:00,0.3291285395901568,0.3396100089494307
,2023-02-17 14:00,0.3290940074399958,0.3395930800365745
,2023-02-17 15:00,0.3290595322618904,0.33957614108469614
,2023-02-17 16:00,0.32902511383266314,0.33955919229152487
,2023-02-17 17:00,0.3289907519303017,0.3395422338523918
,2023-02-17 18:00,0.32895644633395366,0.3395252659602659
,2023-02-17 19:00,0.32892219682392154,0.3395082888057891
,2023-02-17 20:00,0.328888003181658,0.3394913025773115
,2023-02-17 21:00,0.32885386518976073,0.339474307460925
,2023-02-17 22:00,0.3288197826319669,0.33945730364049703
,2023-02-17 23:00,0.3287857552931484,0.33944029129770387
,2023-02-18 00:00,0.32875178295930657,0.3394232706120627
,2023-02-18 01:00,0.3287178654175668,0.3394062417609636
,2023-02-18 02:00,0.32868400245617346,0.339389204919701
,2023-02-18 03:00,0.32865019386448446,0.3393721602615042
,2023-02-18 04:00,0.3286164394329661,0.33935510795756796
,2023-02-18 05:00,0.3285827389531876,0.339338048177082
,2023-02-18 06:00,0.328549092217816,0.3393209810872605
,2023-02-18 07:00,0.3285154990206103,0.33930390685337053
,2023-02-18 08:00,0.32848195915641676,0.33928682563876045
,2023-02-18 09:00,0.328448472421163,0.33926973760488777
,2023-02-18 10:00,0.3284150386118529,0.33925264291134627
,2023-02-18 11:00,0.328381657526561,0.3392355417158929
,2023-02-18 12:00,0.3283483289644273,0.33921843417447406
,2023-02-18 13:00,0.3283150527256516,0.3392013204412517
,2023-02-18 14:00,0.32828182861148825,0.3391842006686284
,2023-02-18 15:00,0.3282486564242407,0.33916707500727306
,2023-02-18 16:00,0.32821553596725633,0.3391499436061447
,2023-02-18 17:00,0.3281824670449203,0.3391328066125173
,2023-02-18 18:00,0.3281494494626509,0.33911566417200334
,2023-02-18 19:00,0.32811648302689383,0.3390985164285768
,2023-02-18 20:00,0.32808356754511675,0.33908136352459695
,2023-02-18 21:00,0.328050702825804,0.33906420560082995
,2023-02-18 22:00,0.32801788867845094,0.3390470427964719
,2023-02-18 23:00,0.3279851249135589,0.3390298752491701
,2023-02-19 00:00,0.3279524113426296,0.3390127030950447
,2023-02-19 01:00,0.32791974777815963,0.33899552646870984
,2023-02-19 02:00,0.32788713403363545,0.3389783455032941
,2023-02-19 03:00,0.32785456992352785,0.3389611603304613
,2023-02-19 04:00,0.32782205526328634,0.33894397108043006
,2023-02-19 05:00,0.32778958986933426,0.33892677788199393
,2023-02-19 06:00,0.3277571735590632,0.3389095808625403
,2023-02-19 07:00,0.32772480615082766,0.33889238014806994
,2023-02-19 08:00,0.32769248746394,0.3388751758632152
,2023-02-19 09:00,0.32766021731866457,0.3388579681312588
,2023-02-19 10:00,0.32762799553621347,0.33884075707415157
,2023-02-19 11:00,0.3275958219387401,0.3388235428125306
,2023-02-19 12:00,0.3275636963493348,0.3388063254657365
,2023-02-19 13:00,0.3275316185920193,0.3387891051518307
,2023-02-19 14:00,0.3274995884917415,0.3387718819876122
,2023-02-19 15:00,0.32746760587437024,0.3387546560886344
,2023-02-19 16:00,0.3274356705666904,0.3387374275692213
,2023-02-19 17:00,0.32740378239639745,0.33872019654248364
,2023-02-19 18:00,0.32737194119209245,0.33870296312033477
,2023-02-19 19:00,0.3273401467832769,0.3386857274135062
,2023-02-19 20:00,0.3273083990003477,0.33866848953156264
,2023-02-19 21:00,0.327276697674592,0.3386512495829175
,2023-02-19 22:00,0.32724504263818216,0.33863400767484725
,2023-02-19 23:00,0.3272134337241707,0.33861676391350626
,2023-02-20 00:00,0.3271818707664855,0.33859951840394104
,2023-02-20 01:00,0.3271503535999244,0.33858227125010415
,2023-02-20 02:00,0.32711888206015055,0.3385650225548684
,2023-02-20 03:00,0.3270874559836873,0.3385477724200403
,2023-02-20 04:00,0.3270560752079135,0.3385305209463732
,2023-02-20 05:00,0.3270247395710583,0.33851326823358097
,2023-02-20 06:00,0.3269934489121961,0.3384960143803507
,2023-02-20 07:00,0.32696220307124246,0.33847875948435546
,2023-02-20 08:00,0.32693100188894836,0.338461503642267
,2023-02-20 09:00,0.3268998452068959,0.33844424694976794
,2023-02-20 10:00,0.3268687328674934,0.338426989501564
,2023-02-20 11:00,0.3268376647139706,0.3384097313913962
,2023-02-20 12:00,0.3268066405903737,0.33839247271205203
,2023-02-20 13:00,0.326775660341561,0.3383752135553778
,2023-02-20 14:00,0.3267447238131981,0.3383579540122896
,2023-02-20 15:00,0.3267138308517529,0.33834069417278456
,2023-02-20 16:00,0.32668298130449125,0.3383234341259519
,2023-02-20 17:00,0.3266521750194722,0.338306173959984
,2023-02-20 18:00,0.32662141184554344,0.33828891376218695
,2023-02-20 19:00,0.32659069163233656,0.3382716536189911
,2023-02-20 20:00,0.3265600142302627,0.33825439361596127
,2023-02-20 21:00,0.3265293794905077,0.33823713383780735
,2023-02-20 22:00,0.326498787265028,0.338219874368394
,2023-02-20 23:00,0.3264682374065457,0.33820261529075085
,2023-02-21 00:00,0.3264377297685441,0.33818535668708194
,2023-02-21 01:00,0.32640726420526384,0.3381680986387754
,2023-02-21 02:00,0.3263768405716977,0.3381508412264132
,2023-02-21 03:00,0.3263464587235867,0.33813358452978004
,2023-02-21 04:00,0.3263161185174153,0.3381163286278727
,2023-02-21 05:00,0.32628581981040755,0.33809907359890917
,2023-02-21 06:00,0.3262555624605223,0.33808181952033717
,2023-02-21 07:00,0.3262253463264492,0.3380645664688434
,2023-02-21 08:00,0.3261951712676039,0.3380473145203618
,2023-02-21 09:00,0.3261650371441246,0.33803006375008215
,2023-02-21 10:00,0.3261349438168671,0.33801281423245844
,2023-02-21 11:00,0.3261048911474008,0.3379955660412171
,2023-02-21 12:00,0.3260748789980045,0.33797831924936517
,2023-02-21 13:00,0.32604490723166246,0.33796107392919816
,2023-02-21 14:00,0.3260149757120596,0.3379438301523081
,2023-02-21 15:00,0.32598508430357825,0.3379265879895911
,2023-02-21 16:00,0.3259552328712932,0.3379093475112552
,2023-02-21 17:00,0.3259254212809681,0.33789210878682785
,2023-02-21 18:00,0.3258956493990514,0.3378748718851633
,2023-02-21 19:00,0.32586591709267215,0.3378576368744497
,2023-02-21 20:00,0.3258362242296358,0.3378404038222169
,2023-02-21 21:00,0.32580657067842084,0.33782317279534296
,2023-02-21 22:00,0.32577695630817405,0.33780594386006135
,2023-02-21 23:00,0.325747380988707,0.3377887170819681
,2023-02-22 00:00,0.32571784459049213,0.3377714925260282
,2023-02-22 01:00,0.3256883469846588,0.33775427025658267
,2023-02-22 02:00,0.3256588880429891,0.3377370503373548
,2023-02-22 03:00,0.32562946763791456,0.3377198328314569
,2023-02-22 04:00,0.32560008564251164,0.3377026178013971
,2023-02-22 05:00,0.3255707419304987,0.33768540530908486
,2023-02-22 06:00,0.3255414363762314,0.33766819541583787
,2023-02-22 07:00,0.3255121688546994,0.33765098818238776
,2023-02-22 08:00,0.3254829392415227,0.3376337836688867
,2023-02-22 09:00,0.3254537474129475,0.337616581934913
,2023-02-22 10:00,0.32542459324584283,0.33759938303947723
,2023-02-22 11:00,0.3253954766176968,0.33758218704102766
,2023-02-22 12:00,0.32536639740661266,0.33756499399745665
,2023-02-22 13:00,0.32533735549130555,0.3375478039661057
,2023-02-22 14:00,0.32530835075109865,0.33753061700377135
,2023-02-22 15:00,0.32527938306591986,0.3375134331667108
,2023-02-22 16:00,0.32525045231629773,0.3374962525106471
,2023-02-22 17:00,0.3252215583833583,0.3374790750907747
,2023-02-22 18:00,0.3251927011488214,0.3374619009617646
,2023-02-22 19:00,0.32516388049499717,0.33744473017776966
,2023-02-22 20:00,0.32513509630478266,0.33742756279242975
,2023-02-22 21:00,0.3251063484616582,0.3374103988588769
,2023-02-22 22:00,0.32507763684968405,0.33739323842974034
,2023-02-22 23:00,0.3250489613534968,0.3373760815571512
,2023-02-23 00:00,0.3250203218583064,0.3373589282927477
,2023-02-23 01:00,0.32499171824989215,0.33734177868767984
,2023-02-23 02:00,0.3249631504145997,0.33732463279261415
,2023-02-23 03:00,0.3249346182393379,0.3373074906577384
,2023-02-23 04:00,0.32490612161157484,0.33729035233276644
,2023-02-23 05:00,0.3248776604193352,0.33727321786694253
,2023-02-23 06:00,0.32484923455119635,0.3372560873090459
,2023-02-23 07:00,0.32482084389628585,0.3372389607073954
,2023-02-23 08:00,0.32479248834427743,0.3372218381098536
,2023-02-23 09:00,0.32476416778538814,0.33720471956383147
,2023-02-23 10:00,0.3247358821103751,0.33718760511629253
,2023-02-23 11:00,0.3247076312105322,0.33717049481375705
,2023-02-23 12:00,0.3246794149776871,0.3371533887023064
,2023-02-23 13:00,0.3246512333041981,0.33713628682758684
,2023-02-23 14:00,0.32462308608295054,0.33711918923481415
,2023-02-23 15:00,0.32459497320735453,0.3371020959687774
,2023-02-23 16:00,0.3245668945713409,0.3370850070738426
,2023-02-23 17:00,0.32453885006935884,0.3370679225939571
,2023-02-23 18:00,0.32451083959637267,0.33705084257265355
,2023-02-23 19:00,0.32448286304785834,0.3370337670530533
,2023-02-23 20:00,0.3244549203198012,0.33701669607787066
,2023-02-23 21:00,0.3244270113086924,0.3369996296894161
,2023-02-23 22:00,0.3243991359115261,0.33698256792960063
,2023-02-23 23:00,0.3243712940257966,0.336965510839939
,2023-02-24 00:00,0.32434348554949505,0.3369484584615534
,2023-02-24 01:00,0.324315710381107,0.3369314108351772
,2023-02-24 02:00,0.32428796841960916,0.33691436800115826
,2023-02-24 03:00,0.3242602595644666,0.33689732999946254
,2023-02-24 04:00,0.32423258371562974,0.3368802968696777
,2023-02-24 05:00,0.3242049407735319,0.33686326865101623
,2023-02-24 06:00,0.324177330639086,0.33684624538231894
,2023-02-24 07:00,0.3241497532136819,0.3368292271020585
,2023-02-24 08:00,0.32412220839918376,0.33681221384834226
,2023-02-24 09:00,0.32409469609792685,0.3367952056589161
,2023-02-24 10:00,0.32406721621271534,0.3367782025711671
,2023-02-24 11:00,0.324039768646819,0.3367612046221272
,2023-02-24 12:00,0.3240123533039708,0.3367442118484759
,2023-02-24 13:00,0.32398497008836424,0.3367272242865438
,2023-02-24 14:00,0.3239576189046503,0.33671024197231514
,2023-02-24 15:00,0.323930299657935,0.3366932649414317
,2023-02-24 16:00,0.32390301225377677,0.3366762932291949
,2023-02-24 17:00,0.3238757565981836,0.3366593268705693
,2023-02-24 18:00,0.3238485325976106,0.33664236590018526
,2023-02-24 19:00,0.32382134015895747,0.33662541035234217
,2023-02-24 20:00,0.3237941791895654,0.3366084602610111
,2023-02-24 21:00,0.32376704959721503,0.33659151565983764
,2023-02-24 22:00,0.3237399512901236,0.33657457658214496
,2023-02-24 23:00,0.3237128841769424,0.3365576430609362
,2023-02-25 00:00,0.3236858481667544,0.3365407151288976
,2023-02-25 01:00,0.3236588431690717,0.33652379281840106
,2023-02-25 02:00,0.3236318690938326,0.33650687616150654
,2023-02-25 03:00,0.3236049258514,0.33648996518996555
,2023-02-25 04:00,0.32357801335255765,0.3364730599352229
,2023-02-25 05:00,0.32355113150850906,0.33645616042841975
,2023-02-25 06:00,0.32352428023087404,0.33643926670039637
,2023-02-25 07:00,0.3234974594316868,0.336422378781694
,2023-02-25 08:00,0.32347066902339333,0.3364054967025582
,2023-02-25 09:00,0.3234439089188491,0.33638862049294094
,2023-02-25 10:00,0.32341717903131634,0.336371750182503
,2023-02-25 11:00,0.3233904792744624,0.33635488580061657
,2023-02-25 12:00,0.3233638095623566,0.33633802737636775
,2023-02-25 13:00,0.3233371698094684,0.33632117493855884
,2023-02-25 14:00,0.3233105599306649,0.3363043285157107
,2023-02-25 15:00,0.3232839798412085,0.3362874881360651
,2023-02-25 16:00,0.3232574294567547,0.33627065382758725
,2023-02-25 17:00,0.3232309086933496,0.3362538256179676
,2023-02-25 18:00,0.323204417467428,0.33623700353462493
,2023-02-25 19:00,0.3231779556958109,0.33622018760470773
,2023-02-25 20:00,0.32315152329570335,0.33620337785509713
,2023-02-25 21:00,0.32312512018469197,0.3361865743124087
,2023-02-25 22:00,0.32309874628074314,0.33616977700299483
,2023-02-25 23:00,0.32307240150220057,0.33615298595294674
,2023-02-26 00:00,0.32304608576778315,0.33613620118809695
,2023-02-26 01:00,0.32301979899658284,0.33611942273402096
,2023-02-26 02:00,0.32299354110806244,0.33610265061603967
,2023-02-26 03:00,0.3229673120220534,0.33608588485922153
,2023-02-26 04:00,0.3229411116587539,0.3360691254883843
,2023-02-26 05:00,0.3229149399387265,0.33605237252809717
,2023-02-26 06:00,0.3228887967828962,0.33603562600268333
,2023-02-26 07:00,0.32286268211254826,0.3360188859362209
,2023-02-26 08:00,0.3228365958493263,0.33600215235254605
,2023-02-26 09:00,0.3228105379152297,0.33598542527525416
,2023-02-26 10:00,0.32278450823261245,0.33596870472770224
,2023-02-26 11:00,0.3227585067241803,0.33595199073301063
,2023-02-26 12:00,0.32273253331298907,0.33593528331406497
,2023-02-26 13:00,0.3227065879224427,0.3359185824935179
,2023-02-26 14:00,0.32268067047629123,0.33590188829379164
,2023-02-26 15:00,0.3226547808986285,0.3358852007370789
,2023-02-26 16:00,0.32262891911389063,0.33586851984534527
,2023-02-26 17:00,0.3226030850468539,0.3358518456403311
,2023-02-26 18:00,0.3225772786226327,0.33583517814355296
,2023-02-26 19:00,0.3225514997666776,0.33581851737630564
,2023-02-26 20:00,0.32252574840477344,0.33580186335966405
,2023-02-26 21:00,0.32250002446303766,0.3357852161144847
,2023-02-26 22:00,0.3224743278679179,0.33576857566140755
,2023-02-26 23:00,0.3224486585461909,0.335751942020858
,2023-02-27 00:00,0.32242301642495963,0.33573531521304817
,2023-02-27 01:00,0.32239740143165224,0.3357186952579787
,2023-02-27 02:00,0.3223718134940198,0.3357020821754407
,2023-02-27 03:00,0.3223462525401345,0.33568547598501713
,2023-02-27 04:00,0.32232071849838806,0.3356688767060846
,2023-02-27 05:00,0.3222952112974896,0.335652284357815
,2023-02-27 06:00,0.32226973086646415,0.3356356989591771
,2023-02-27 07:00,0.3222442771346505,0.33561912052893794
,2023-02-27 08:00,0.3222188500316994,0.33560254908566467
,2023-02-27 09:00,0.32219344948757256,0.3355859846477262
,2023-02-27 10:00,0.32216807543253995,0.33556942723329464
,2023-02-27 11:00,0.3221427277971784,0.3355528768603466
,2023-02-27 12:00,0.32211740651236986,0.33553633354666534
,2023-02-27 13:00,0.3220921115092999,0.3355197973098415
,2023-02-27 14:00,0.32206684271945574,0.3355032681672755
,2023-02-27 15:00,0.3220416000746243,0.3354867461361781
,2023-02-27 16:00,0.32201638350689116,0.33547023123357267
,2023-02-27 17:00,0.3219911929486383,0.33545372347629626
,2023-02-27 18:00,0.3219660283325428,0.3354372228810011
,2023-02-27 19:00,0.32194088959157485,0.335420729464156
,2023-02-27 20:00,0.3219157766589963,0.3354042432420481
,2023-02-27 21:00,0.3218906894683591,0.33538776423078376
,2023-02-27 22:00,0.3218656279535033,0.33537129244629055
,2023-02-27 23:00,0.32184059204855614,0.3353548279043181
,2023-02-28 00:00,0.3218155816879295,0.3353383706204399
,2023-02-28 01:00,0.32179059680631894,0.3353219206100545
,2023-02-28 02:00,0.32176563733870206,0.33530547788838677
,2023-02-28 03:00,0.3217407032203368,0.3352890424704895
,2023-02-28 04:00,0.3217157943867597,0.33527261437124456
,2023-02-28 05:00,0.32169091077378464,0.33525619360536424
,2023-02-28 06:00,0.32166605231750117,0.33523978018739253
,2023-02-28 07:00,0.321641218954273,0.33522337413170655
,2023-02-28 08:00,0.3216164106207362,0.33520697545251793
,2023-02-28 09:00,0.3215916272537982,0.3351905841638736
,2023-02-28 10:00,0.3215668687906359,0.3351742002796577
,2023-02-28 11:00,0.3215421351686943,0.3351578238135923
,2023-02-28 12:00,0.3215174263256847,0.3351414547792392
,2023-02-28 13:00,0.3214927421995838,0.33512509319000056
,2023-02-28 14:00,0.3214680827286318,0.33510873905912064
,2023-02-28 15:00,0.321443447851331,0.3350923923996867
,2023-02-28 16:00,0.3214188375064444,0.3350760532246303
,2023-02-28 17:00,0.3213942516329943,0.3350597215467287
,2023-02-28 18:00,0.32136969017026074,0.33504339737860567
,2023-02-28 19:00,0.32134515305778005,0.335027080732733
,2023-02-28 20:00,0.32132064023534385,0.33501077162143167
,2023-02-28 21:00,0.32129615164299674,0.3349944700568724
,2023-02-28 22:00,0.32127168722103605,0.3349781760510777
,2023-02-28 23:00,0.3212472469100094,0.3349618896159227
,2023-03-01 00:00,0.321222830650714,0.3349456107631359
